会員番号,Googleメール,GoogleID,名前,性別,年代,業種,職種,現在地,出身地,自己紹介,こんな人と繋がりたい,こんな人とは繋がりたくない,タグ,プロフィール画像URL,LINE,Instagram,X,YouTube,掲載中,社長マーク,社長マーク状態,オンライン状態,掲載日,登録日時,更新日時,最終ログイン日時
00001,user00001@example.com,google-sub-00001,佐藤翔太,男性,20代,サービス業,経営者,北海道,神奈川県,サービス業で活動する経営者の佐藤翔太です。会員No.00001として交流を楽しみにしています。,サービス業や関連分野で協業できる方,一方的な営業のみの方,"サー,経営者,北海道",https://i.pravatar.cc/150?img=1,https://line.me/,https://instagram.com/,https://x.com/,,TRUE,FALSE,なし,オフライン,2026-07-11 17:00:00,2026-07-04 17:00:00,2026-07-12 07:00:00,2026-07-12 07:00:00
00002,user00002@example.com,google-sub-00002,鈴木真由,女性,30代,美容・健康,代表取締役,宮城県,愛知県,美容・健康で活動する代表取締役の鈴木真由です。会員No.00002として交流を楽しみにしています。,美容・健康や関連分野で協業できる方,一方的な営業のみの方,"美容,代表取締役,宮城",https://i.pravatar.cc/150?img=2,https://line.me/,https://instagram.com/,https://x.com/,,TRUE,FALSE,なし,オフライン,2026-07-06 22:00:00,2026-06-15 22:00:00,2026-07-08 21:00:00,2026-07-08 21:00:00
00003,user00003@example.com,google-sub-00003,高橋蒼,男性,40代,建設・不動産,CEO,東京都,兵庫県,建設・不動産で活動するCEOの高橋蒼です。会員No.00003として交流を楽しみにしています。,建設・不動産や関連分野で協業できる方,一方的な営業のみの方,"建設,CEO,東京",https://i.pravatar.cc/150?img=3,,https://instagram.com/,https://x.com/,,TRUE,FALSE,なし,オフライン,2026-06-20 07:00:00,2026-06-07 07:00:00,2026-06-20 09:00:00,2026-06-20 09:00:00
00004,user00004@example.com,google-sub-00004,田中美咲,女性,50代,飲食・サービス,サロンオーナー,神奈川県,佐賀県,飲食・サービスで活動するサロンオーナーの田中美咲です。会員No.00004として交流を楽しみにしています。,飲食・サービスや関連分野で協業できる方,一方的な営業のみの方,"飲食,サロンオーナー,神奈川",https://i.pravatar.cc/150?img=4,https://line.me/,,https://x.com/,,TRUE,FALSE,なし,オフライン,2026-06-20 19:00:00,2026-06-13 19:00:00,2026-06-22 03:00:00,2026-06-22 03:00:00
00005,user00005@example.com,google-sub-00005,伊藤颯太,男性,60代,製造業,専務取締役,埼玉県,新潟県,製造業で活動する専務取締役の伊藤颯太です。会員No.00005として交流を楽しみにしています。,製造業や関連分野で協業できる方,一方的な営業のみの方,"製造,専務取締役,埼玉",https://i.pravatar.cc/150?img=5,https://line.me/,https://instagram.com/,,,TRUE,FALSE,なし,オフライン,2026-06-28 08:00:00,2026-06-22 08:00:00,2026-06-30 05:00:00,2026-06-30 05:00:00
00006,user00006@example.com,google-sub-00006,渡辺陽菜,女性,20代,IT・通信,工場長,千葉県,東京都,IT・通信で活動する工場長の渡辺陽菜です。会員No.00006として交流を楽しみにしています。,IT・通信や関連分野で協業できる方,一方的な営業のみの方,"IT,工場長,千葉",https://i.pravatar.cc/150?img=6,,https://instagram.com/,https://x.com/,https://youtube.com/,TRUE,FALSE,なし,オフライン,2026-05-09 18:00:00,2026-04-25 18:00:00,2026-05-11 07:00:00,2026-05-11 07:00:00
00007,user00007@example.com,google-sub-00007,山本亮,男性,30代,小売,部長,愛知県,千葉県,小売で活動する部長の山本亮です。会員No.00007として交流を楽しみにしています。,小売や関連分野で協業できる方,一方的な営業のみの方,"小売,部長,愛知",https://i.pravatar.cc/150?img=7,https://line.me/,https://instagram.com/,https://x.com/,,TRUE,FALSE,なし,オンライン,2026-03-21 01:00:00,2026-02-25 01:00:00,2026-03-21 11:00:00,2026-03-21 11:00:00
00008,user00008@example.com,google-sub-00008,中村凛,女性,40代,教育,個人事業主,大阪府,京都府,教育で活動する個人事業主の中村凛です。会員No.00008として交流を楽しみにしています。,教育や関連分野で協業できる方,一方的な営業のみの方,"教育,個人事業主,大阪",https://i.pravatar.cc/150?img=8,https://line.me/,,https://x.com/,,TRUE,FALSE,なし,オフライン,2026-05-19 17:00:00,2026-05-15 17:00:00,2026-05-20 06:00:00,2026-05-20 06:00:00
00009,user00009@example.com,google-sub-00009,小林和也,男性,50代,医療・福祉,フリーランス,京都府,福岡県,医療・福祉で活動するフリーランスの小林和也です。会員No.00009として交流を楽しみにしています。,医療・福祉や関連分野で協業できる方,一方的な営業のみの方,"医療,フリーランス,京",https://i.pravatar.cc/150?img=9,,https://instagram.com/,https://x.com/,,TRUE,FALSE,なし,オフライン,2026-06-18 23:00:00,2026-06-06 23:00:00,2026-06-19 05:00:00,2026-06-19 05:00:00
00010,user00010@example.com,google-sub-00010,加藤美月,女性,60代,その他,その他,兵庫県,静岡県,その他で活動するその他の加藤美月です。会員No.00010として交流を楽しみにしています。,その他や関連分野で協業できる方,一方的な営業のみの方,"その,その他,兵庫",https://i.pravatar.cc/150?img=10,https://line.me/,https://instagram.com/,,,TRUE,FALSE,なし,オフライン,2026-03-15 14:00:00,2026-02-24 14:00:00,2026-03-16 06:00:00,2026-03-16 06:00:00
00011,user00011@example.com,google-sub-00011,吉田健太,男性,20代,サービス業,経営者,広島県,宮城県,サービス業で活動する経営者の吉田健太です。会員No.00011として交流を楽しみにしています。,サービス業や関連分野で協業できる方,一方的な営業のみの方,"サー,経営者,広島",https://i.pravatar.cc/150?img=11,https://line.me/,https://instagram.com/,https://x.com/,,TRUE,FALSE,なし,オフライン,2026-07-06 11:00:00,2026-06-19 11:00:00,2026-07-06 18:00:00,2026-07-06 18:00:00
00012,user00012@example.com,google-sub-00012,山田花,女性,30代,美容・健康,代表取締役,福岡県,埼玉県,美容・健康で活動する代表取締役の山田花です。会員No.00012として交流を楽しみにしています。,美容・健康や関連分野で協業できる方,一方的な営業のみの方,"美容,代表取締役,福岡",https://i.pravatar.cc/150?img=12,,,https://x.com/,https://youtube.com/,TRUE,FALSE,なし,オフライン,2026-07-11 08:00:00,2026-07-02 08:00:00,2026-07-13 00:00:00,2026-07-13 00:00:00
00013,user00013@example.com,google-sub-00013,佐々木颯太,男性,40代,建設・不動産,CEO,佐賀県,大阪府,建設・不動産で活動するCEOの佐々木颯太です。会員No.00013として交流を楽しみにしています。,建設・不動産や関連分野で協業できる方,一方的な営業のみの方,"建設,CEO,佐賀",https://i.pravatar.cc/150?img=13,https://line.me/,https://instagram.com/,https://x.com/,,TRUE,FALSE,なし,オフライン,2026-03-13 14:00:00,2026-02-23 14:00:00,2026-03-14 02:00:00,2026-03-14 02:00:00
00014,user00014@example.com,google-sub-00014,山口恵,女性,50代,飲食・サービス,サロンオーナー,沖縄県,広島県,飲食・サービスで活動するサロンオーナーの山口恵です。会員No.00014として交流を楽しみにしています。,飲食・サービスや関連分野で協業できる方,一方的な営業のみの方,"飲食,サロンオーナー,沖縄",https://i.pravatar.cc/150?img=14,https://line.me/,https://instagram.com/,https://x.com/,,TRUE,FALSE,なし,オンライン,2026-06-26 18:00:00,2026-06-02 18:00:00,2026-06-27 12:00:00,2026-06-27 12:00:00
00015,user00015@example.com,google-sub-00015,松本大輔,男性,60代,製造業,専務取締役,静岡県,沖縄県,製造業で活動する専務取締役の松本大輔です。会員No.00015として交流を楽しみにしています。,製造業や関連分野で協業できる方,一方的な営業のみの方,"製造,専務取締役,静岡",https://i.pravatar.cc/150?img=15,,https://instagram.com/,,,TRUE,FALSE,なし,オフライン,2026-03-14 18:00:00,2026-02-15 18:00:00,2026-03-15 00:00:00,2026-03-15 00:00:00
00016,user00016@example.com,google-sub-00016,井上花,女性,20代,IT・通信,工場長,新潟県,北海道,IT・通信で活動する工場長の井上花です。会員No.00016として交流を楽しみにしています。,IT・通信や関連分野で協業できる方,一方的な営業のみの方,"IT,工場長,新潟",https://i.pravatar.cc/150?img=16,https://line.me/,,https://x.com/,,TRUE,FALSE,なし,オフライン,2026-05-27 11:00:00,2026-05-07 11:00:00,2026-05-28 10:00:00,2026-05-28 10:00:00
00017,user00017@example.com,google-sub-00017,木村直樹,男性,30代,小売,部長,北海道,神奈川県,小売で活動する部長の木村直樹です。会員No.00017として交流を楽しみにしています。,小売や関連分野で協業できる方,一方的な営業のみの方,"小売,部長,北海道",https://i.pravatar.cc/150?img=17,https://line.me/,https://instagram.com/,https://x.com/,,TRUE,FALSE,なし,オフライン,2026-05-15 14:00:00,2026-05-09 14:00:00,2026-05-17 08:00:00,2026-05-17 08:00:00
00018,user00018@example.com,google-sub-00018,林奈々,女性,40代,教育,個人事業主,宮城県,愛知県,教育で活動する個人事業主の林奈々です。会員No.00018として交流を楽しみにしています。,教育や関連分野で協業できる方,一方的な営業のみの方,"教育,個人事業主,宮城",https://i.pravatar.cc/150?img=18,,https://instagram.com/,https://x.com/,https://youtube.com/,TRUE,FALSE,なし,オフライン,2026-04-03 05:00:00,2026-04-01 05:00:00,2026-04-04 19:00:00,2026-04-04 19:00:00
00019,user00019@example.com,google-sub-00019,斎藤直樹,男性,50代,医療・福祉,フリーランス,東京都,兵庫県,医療・福祉で活動するフリーランスの斎藤直樹です。会員No.00019として交流を楽しみにしています。,医療・福祉や関連分野で協業できる方,一方的な営業のみの方,"医療,フリーランス,東京",https://i.pravatar.cc/150?img=19,https://line.me/,https://instagram.com/,https://x.com/,,TRUE,FALSE,なし,オフライン,2026-04-24 18:00:00,2026-04-19 18:00:00,2026-04-25 23:00:00,2026-04-25 23:00:00
00020,user00020@example.com,google-sub-00020,清水花,女性,60代,その他,その他,神奈川県,佐賀県,その他で活動するその他の清水花です。会員No.00020として交流を楽しみにしています。,その他や関連分野で協業できる方,一方的な営業のみの方,"その,その他,神奈川",https://i.pravatar.cc/150?img=20,https://line.me/,,,,TRUE,FALSE,なし,オフライン,2026-05-28 05:00:00,2026-05-06 05:00:00,2026-05-29 16:00:00,2026-05-29 16:00:00
00021,user00021@example.com,google-sub-00021,阿部剛,男性,20代,サービス業,経営者,埼玉県,新潟県,サービス業で活動する経営者の阿部剛です。会員No.00021として交流を楽しみにしています。,サービス業や関連分野で協業できる方,一方的な営業のみの方,"サー,経営者,埼玉",https://i.pravatar.cc/150?img=21,,https://instagram.com/,https://x.com/,,TRUE,FALSE,なし,オンライン,2026-07-06 15:00:00,2026-06-10 15:00:00,2026-07-06 18:00:00,2026-07-06 18:00:00
00022,user00022@example.com,google-sub-00022,池田美穂,女性,30代,美容・健康,代表取締役,千葉県,東京都,美容・健康で活動する代表取締役の池田美穂です。会員No.00022として交流を楽しみにしています。,美容・健康や関連分野で協業できる方,一方的な営業のみの方,"美容,代表取締役,千葉",https://i.pravatar.cc/150?img=22,https://line.me/,https://instagram.com/,https://x.com/,,TRUE,FALSE,なし,オフライン,2026-07-06 00:00:00,2026-06-11 00:00:00,2026-07-06 20:00:00,2026-07-06 20:00:00
00023,user00023@example.com,google-sub-00023,森智也,男性,40代,建設・不動産,CEO,愛知県,千葉県,建設・不動産で活動するCEOの森智也です。会員No.00023として交流を楽しみにしています。,建設・不動産や関連分野で協業できる方,一方的な営業のみの方,"建設,CEO,愛知",https://i.pravatar.cc/150?img=23,https://line.me/,https://instagram.com/,https://x.com/,,TRUE,FALSE,なし,オフライン,2026-05-28 23:00:00,2026-05-22 23:00:00,2026-05-30 11:00:00,2026-05-30 11:00:00
00024,user00024@example.com,google-sub-00024,橋本結衣,女性,50代,飲食・サービス,サロンオーナー,大阪府,京都府,飲食・サービスで活動するサロンオーナーの橋本結衣です。会員No.00024として交流を楽しみにしています。,飲食・サービスや関連分野で協業できる方,一方的な営業のみの方,"飲食,サロンオーナー,大阪",https://i.pravatar.cc/150?img=24,,,https://x.com/,https://youtube.com/,TRUE,FALSE,なし,オフライン,2026-06-04 05:00:00,2026-05-20 05:00:00,2026-06-05 06:00:00,2026-06-05 06:00:00
00025,user00025@example.com,google-sub-00025,山下蓮,男性,60代,製造業,専務取締役,京都府,福岡県,製造業で活動する専務取締役の山下蓮です。会員No.00025として交流を楽しみにしています。,製造業や関連分野で協業できる方,一方的な営業のみの方,"製造,専務取締役,京",https://i.pravatar.cc/150?img=25,https://line.me/,https://instagram.com/,,,TRUE,FALSE,なし,オフライン,2026-06-13 17:00:00,2026-06-09 17:00:00,2026-06-14 08:00:00,2026-06-14 08:00:00
00026,user00026@example.com,google-sub-00026,石川陽菜,女性,20代,IT・通信,工場長,兵庫県,静岡県,IT・通信で活動する工場長の石川陽菜です。会員No.00026として交流を楽しみにしています。,IT・通信や関連分野で協業できる方,一方的な営業のみの方,"IT,工場長,兵庫",https://i.pravatar.cc/150?img=26,https://line.me/,https://instagram.com/,https://x.com/,,TRUE,FALSE,なし,オフライン,2026-04-24 17:00:00,2026-04-01 17:00:00,2026-04-26 06:00:00,2026-04-26 06:00:00
00027,user00027@example.com,google-sub-00027,中島悠人,男性,30代,小売,部長,広島県,宮城県,小売で活動する部長の中島悠人です。会員No.00027として交流を楽しみにしています。,小売や関連分野で協業できる方,一方的な営業のみの方,"小売,部長,広島",https://i.pravatar.cc/150?img=27,,https://instagram.com/,https://x.com/,,TRUE,FALSE,なし,オフライン,2026-04-18 13:00:00,2026-04-07 13:00:00,2026-04-19 03:00:00,2026-04-19 03:00:00
00028,user00028@example.com,google-sub-00028,前田真由,女性,40代,教育,個人事業主,福岡県,埼玉県,教育で活動する個人事業主の前田真由です。会員No.00028として交流を楽しみにしています。,教育や関連分野で協業できる方,一方的な営業のみの方,"教育,個人事業主,福岡",https://i.pravatar.cc/150?img=28,https://line.me/,,https://x.com/,,TRUE,FALSE,なし,オンライン,2026-04-27 10:00:00,2026-04-25 10:00:00,2026-04-29 10:00:00,2026-04-29 10:00:00
00029,user00029@example.com,google-sub-00029,藤田健太,男性,50代,医療・福祉,フリーランス,佐賀県,大阪府,医療・福祉で活動するフリーランスの藤田健太です。会員No.00029として交流を楽しみにしています。,医療・福祉や関連分野で協業できる方,一方的な営業のみの方,"医療,フリーランス,佐賀",https://i.pravatar.cc/150?img=29,https://line.me/,https://instagram.com/,https://x.com/,,TRUE,FALSE,なし,オフライン,2026-03-13 22:00:00,2026-03-09 22:00:00,2026-03-15 14:00:00,2026-03-15 14:00:00
00030,user00030@example.com,google-sub-00030,岡田愛,女性,60代,その他,その他,沖縄県,広島県,その他で活動するその他の岡田愛です。会員No.00030として交流を楽しみにしています。,その他や関連分野で協業できる方,一方的な営業のみの方,"その,その他,沖縄",https://i.pravatar.cc/150?img=30,,https://instagram.com/,,https://youtube.com/,FALSE,FALSE,なし,オフライン,2026-03-22 12:00:00,2026-03-03 12:00:00,2026-03-22 16:00:00,2026-03-03 12:00:00
00031,user00031@example.com,google-sub-00031,後藤智也,男性,20代,サービス業,経営者,静岡県,沖縄県,サービス業で活動する経営者の後藤智也です。会員No.00031として交流を楽しみにしています。,サービス業や関連分野で協業できる方,一方的な営業のみの方,"サー,経営者,静岡",https://i.pravatar.cc/150?img=31,https://line.me/,https://instagram.com/,https://x.com/,,TRUE,FALSE,なし,オフライン,2026-07-08 06:00:00,2026-06-24 06:00:00,2026-07-09 15:00:00,2026-07-09 15:00:00
00032,user00032@example.com,google-sub-00032,長谷川奈々,女性,30代,美容・健康,代表取締役,新潟県,北海道,美容・健康で活動する代表取締役の長谷川奈々です。会員No.00032として交流を楽しみにしています。,美容・健康や関連分野で協業できる方,一方的な営業のみの方,"美容,代表取締役,新潟",https://i.pravatar.cc/150?img=32,https://line.me/,,https://x.com/,,TRUE,FALSE,なし,オフライン,2026-07-08 01:00:00,2026-06-17 01:00:00,2026-07-09 23:00:00,2026-07-09 23:00:00
00033,user00033@example.com,google-sub-00033,石井翔太,男性,40代,建設・不動産,CEO,北海道,神奈川県,建設・不動産で活動するCEOの石井翔太です。会員No.00033として交流を楽しみにしています。,建設・不動産や関連分野で協業できる方,一方的な営業のみの方,"建設,CEO,北海道",https://i.pravatar.cc/150?img=33,,https://instagram.com/,https://x.com/,,TRUE,FALSE,なし,オフライン,2026-04-05 08:00:00,2026-03-12 08:00:00,2026-04-06 01:00:00,2026-04-06 01:00:00
00034,user00034@example.com,google-sub-00034,村上結衣,女性,50代,飲食・サービス,サロンオーナー,宮城県,愛知県,飲食・サービスで活動するサロンオーナーの村上結衣です。会員No.00034として交流を楽しみにしています。,飲食・サービスや関連分野で協業できる方,一方的な営業のみの方,"飲食,サロンオーナー,宮城",https://i.pravatar.cc/150?img=34,https://line.me/,https://instagram.com/,https://x.com/,,TRUE,FALSE,なし,オフライン,2026-06-17 16:00:00,2026-06-04 16:00:00,2026-06-18 02:00:00,2026-06-18 02:00:00
00035,user00035@example.com,google-sub-00035,近藤蓮,男性,60代,製造業,専務取締役,東京都,兵庫県,製造業で活動する専務取締役の近藤蓮です。会員No.00035として交流を楽しみにしています。,製造業や関連分野で協業できる方,一方的な営業のみの方,"製造,専務取締役,東京",https://i.pravatar.cc/150?img=35,https://line.me/,https://instagram.com/,,,TRUE,FALSE,なし,オンライン,2026-07-01 17:00:00,2026-06-15 17:00:00,2026-07-03 17:00:00,2026-07-03 17:00:00
00036,user00036@example.com,google-sub-00036,坂本愛,女性,20代,IT・通信,工場長,神奈川県,佐賀県,IT・通信で活動する工場長の坂本愛です。会員No.00036として交流を楽しみにしています。,IT・通信や関連分野で協業できる方,一方的な営業のみの方,"IT,工場長,神奈川",https://i.pravatar.cc/150?img=36,,,https://x.com/,https://youtube.com/,TRUE,FALSE,なし,オフライン,2026-04-28 22:00:00,2026-04-01 22:00:00,2026-04-30 14:00:00,2026-04-30 14:00:00
00037,user00037@example.com,google-sub-00037,遠藤裕介,男性,30代,小売,部長,埼玉県,新潟県,小売で活動する部長の遠藤裕介です。会員No.00037として交流を楽しみにしています。,小売や関連分野で協業できる方,一方的な営業のみの方,"小売,部長,埼玉",https://i.pravatar.cc/150?img=37,https://line.me/,https://instagram.com/,https://x.com/,,TRUE,FALSE,なし,オフライン,2026-03-16 05:00:00,2026-02-28 05:00:00,2026-03-17 19:00:00,2026-03-17 19:00:00
00038,user00038@example.com,google-sub-00038,青木優子,女性,40代,教育,個人事業主,千葉県,東京都,教育で活動する個人事業主の青木優子です。会員No.00038として交流を楽しみにしています。,教育や関連分野で協業できる方,一方的な営業のみの方,"教育,個人事業主,千葉",https://i.pravatar.cc/150?img=38,https://line.me/,https://instagram.com/,https://x.com/,,TRUE,FALSE,なし,オフライン,2026-06-12 14:00:00,2026-05-19 14:00:00,2026-06-13 00:00:00,2026-06-13 00:00:00
00039,user00039@example.com,google-sub-00039,藤井蒼,男性,50代,医療・福祉,フリーランス,愛知県,千葉県,医療・福祉で活動するフリーランスの藤井蒼です。会員No.00039として交流を楽しみにしています。,医療・福祉や関連分野で協業できる方,一方的な営業のみの方,"医療,フリーランス,愛知",https://i.pravatar.cc/150?img=39,,https://instagram.com/,https://x.com/,,TRUE,FALSE,なし,オフライン,2026-03-24 09:00:00,2026-02-23 09:00:00,2026-03-24 09:00:00,2026-03-24 09:00:00
00040,user00040@example.com,google-sub-00040,西村美羽,女性,60代,その他,その他,大阪府,京都府,その他で活動するその他の西村美羽です。会員No.00040として交流を楽しみにしています。,その他や関連分野で協業できる方,一方的な営業のみの方,"その,その他,大阪",https://i.pravatar.cc/150?img=40,https://line.me/,,,,TRUE,FALSE,なし,オフライン,2026-05-21 10:00:00,2026-05-21 10:00:00,2026-05-21 17:00:00,2026-05-21 17:00:00
00041,user00041@example.com,google-sub-00041,福田達也,男性,20代,サービス業,経営者,京都府,福岡県,サービス業で活動する経営者の福田達也です。会員No.00041として交流を楽しみにしています。,サービス業や関連分野で協業できる方,一方的な営業のみの方,"サー,経営者,京",https://i.pravatar.cc/150?img=41,https://line.me/,https://instagram.com/,https://x.com/,,TRUE,FALSE,なし,オフライン,2026-07-05 16:00:00,2026-06-28 16:00:00,2026-07-05 19:00:00,2026-07-05 19:00:00
00042,user00042@example.com,google-sub-00042,太田美穂,女性,30代,美容・健康,代表取締役,兵庫県,静岡県,美容・健康で活動する代表取締役の太田美穂です。会員No.00042として交流を楽しみにしています。,美容・健康や関連分野で協業できる方,一方的な営業のみの方,"美容,代表取締役,兵庫",https://i.pravatar.cc/150?img=42,,https://instagram.com/,https://x.com/,https://youtube.com/,TRUE,FALSE,なし,オンライン,2026-07-07 23:00:00,2026-07-05 23:00:00,2026-07-09 21:00:00,2026-07-09 21:00:00
00043,user00043@example.com,google-sub-00043,三浦陽翔,男性,40代,建設・不動産,CEO,広島県,宮城県,建設・不動産で活動するCEOの三浦陽翔です。会員No.00043として交流を楽しみにしています。,建設・不動産や関連分野で協業できる方,一方的な営業のみの方,"建設,CEO,広島",https://i.pravatar.cc/150?img=43,https://line.me/,https://instagram.com/,https://x.com/,,TRUE,FALSE,なし,オフライン,2026-03-19 23:00:00,2026-02-23 23:00:00,2026-03-21 09:00:00,2026-03-21 09:00:00
00044,user00044@example.com,google-sub-00044,岡本真由,女性,50代,飲食・サービス,サロンオーナー,福岡県,埼玉県,飲食・サービスで活動するサロンオーナーの岡本真由です。会員No.00044として交流を楽しみにしています。,飲食・サービスや関連分野で協業できる方,一方的な営業のみの方,"飲食,サロンオーナー,福岡",https://i.pravatar.cc/150?img=44,https://line.me/,,https://x.com/,,TRUE,FALSE,なし,オフライン,2026-06-15 10:00:00,2026-05-16 10:00:00,2026-06-16 21:00:00,2026-06-16 21:00:00
00045,user00045@example.com,google-sub-00045,松田直樹,男性,60代,製造業,専務取締役,佐賀県,大阪府,製造業で活動する専務取締役の松田直樹です。会員No.00045として交流を楽しみにしています。,製造業や関連分野で協業できる方,一方的な営業のみの方,"製造,専務取締役,佐賀",https://i.pravatar.cc/150?img=45,,https://instagram.com/,,,TRUE,FALSE,なし,オフライン,2026-05-29 09:00:00,2026-05-02 09:00:00,2026-05-30 23:00:00,2026-05-30 23:00:00
00046,user00046@example.com,google-sub-00046,中川凛,女性,20代,IT・通信,工場長,沖縄県,広島県,IT・通信で活動する工場長の中川凛です。会員No.00046として交流を楽しみにしています。,IT・通信や関連分野で協業できる方,一方的な営業のみの方,"IT,工場長,沖縄",https://i.pravatar.cc/150?img=46,https://line.me/,https://instagram.com/,https://x.com/,,TRUE,FALSE,なし,オフライン,2026-06-04 08:00:00,2026-05-11 08:00:00,2026-06-06 06:00:00,2026-06-06 06:00:00
00047,user00047@example.com,google-sub-00047,中野誠,男性,30代,小売,部長,静岡県,沖縄県,小売で活動する部長の中野誠です。会員No.00047として交流を楽しみにしています。,小売や関連分野で協業できる方,一方的な営業のみの方,"小売,部長,静岡",https://i.pravatar.cc/150?img=47,https://line.me/,https://instagram.com/,https://x.com/,,TRUE,FALSE,なし,オフライン,2026-04-01 16:00:00,2026-03-20 16:00:00,2026-04-03 10:00:00,2026-04-03 10:00:00
00048,user00048@example.com,google-sub-00048,原田美月,女性,40代,教育,個人事業主,新潟県,北海道,教育で活動する個人事業主の原田美月です。会員No.00048として交流を楽しみにしています。,教育や関連分野で協業できる方,一方的な営業のみの方,"教育,個人事業主,新潟",https://i.pravatar.cc/150?img=48,,,https://x.com/,https://youtube.com/,TRUE,FALSE,なし,オフライン,2026-05-06 09:00:00,2026-04-22 09:00:00,2026-05-06 16:00:00,2026-05-06 16:00:00
00049,user00049@example.com,google-sub-00049,小野剛,男性,50代,医療・福祉,フリーランス,北海道,神奈川県,医療・福祉で活動するフリーランスの小野剛です。会員No.00049として交流を楽しみにしています。,医療・福祉や関連分野で協業できる方,一方的な営業のみの方,"医療,フリーランス,北海道",https://i.pravatar.cc/150?img=49,https://line.me/,https://instagram.com/,https://x.com/,,TRUE,FALSE,なし,オンライン,2026-06-03 23:00:00,2026-05-24 23:00:00,2026-06-04 00:00:00,2026-06-04 00:00:00
00050,user00050@example.com,google-sub-00050,田村莉子,女性,60代,その他,その他,宮城県,愛知県,その他で活動するその他の田村莉子です。会員No.00050として交流を楽しみにしています。,その他や関連分野で協業できる方,一方的な営業のみの方,"その,その他,宮城",https://i.pravatar.cc/150?img=50,https://line.me/,https://instagram.com/,,,TRUE,FALSE,なし,オフライン,2026-04-22 18:00:00,2026-04-04 18:00:00,2026-04-23 08:00:00,2026-04-23 08:00:00
00051,user00051@example.com,google-sub-00051,竹内太郎,男性,20代,サービス業,経営者,東京都,兵庫県,サービス業で活動する経営者の竹内太郎です。会員No.00051として交流を楽しみにしています。,サービス業や関連分野で協業できる方,一方的な営業のみの方,"サー,経営者,東京",https://i.pravatar.cc/150?img=51,,https://instagram.com/,https://x.com/,,TRUE,FALSE,なし,オフライン,2026-07-11 05:00:00,2026-07-10 05:00:00,2026-07-11 19:00:00,2026-07-11 19:00:00
00052,user00052@example.com,google-sub-00052,金子恵,女性,30代,美容・健康,代表取締役,神奈川県,佐賀県,美容・健康で活動する代表取締役の金子恵です。会員No.00052として交流を楽しみにしています。,美容・健康や関連分野で協業できる方,一方的な営業のみの方,"美容,代表取締役,神奈川",https://i.pravatar.cc/150?img=52,https://line.me/,,https://x.com/,,TRUE,FALSE,なし,オフライン,2026-07-11 15:00:00,2026-07-09 15:00:00,2026-07-12 23:00:00,2026-07-12 23:00:00
00053,user00053@example.com,google-sub-00053,和田剛,男性,40代,建設・不動産,CEO,埼玉県,新潟県,建設・不動産で活動するCEOの和田剛です。会員No.00053として交流を楽しみにしています。,建設・不動産や関連分野で協業できる方,一方的な営業のみの方,"建設,CEO,埼玉",https://i.pravatar.cc/150?img=53,https://line.me/,https://instagram.com/,https://x.com/,,TRUE,FALSE,なし,オフライン,2026-05-27 10:00:00,2026-05-21 10:00:00,2026-05-28 20:00:00,2026-05-28 20:00:00
00054,user00054@example.com,google-sub-00054,中山真由,女性,50代,飲食・サービス,サロンオーナー,千葉県,東京都,飲食・サービスで活動するサロンオーナーの中山真由です。会員No.00054として交流を楽しみにしています。,飲食・サービスや関連分野で協業できる方,一方的な営業のみの方,"飲食,サロンオーナー,千葉",https://i.pravatar.cc/150?img=54,,https://instagram.com/,https://x.com/,https://youtube.com/,TRUE,FALSE,なし,オフライン,2026-03-31 07:00:00,2026-03-13 07:00:00,2026-04-01 13:00:00,2026-04-01 13:00:00
00055,user00055@example.com,google-sub-00055,石田剛,男性,60代,製造業,専務取締役,愛知県,千葉県,製造業で活動する専務取締役の石田剛です。会員No.00055として交流を楽しみにしています。,製造業や関連分野で協業できる方,一方的な営業のみの方,"製造,専務取締役,愛知",https://i.pravatar.cc/150?img=55,https://line.me/,https://instagram.com/,,,TRUE,FALSE,なし,オフライン,2026-03-23 10:00:00,2026-02-26 10:00:00,2026-03-24 12:00:00,2026-03-24 12:00:00
00056,user00056@example.com,google-sub-00056,上田優子,女性,20代,IT・通信,工場長,大阪府,京都府,IT・通信で活動する工場長の上田優子です。会員No.00056として交流を楽しみにしています。,IT・通信や関連分野で協業できる方,一方的な営業のみの方,"IT,工場長,大阪",https://i.pravatar.cc/150?img=56,https://line.me/,,https://x.com/,,TRUE,FALSE,なし,オンライン,2026-06-19 22:00:00,2026-05-29 22:00:00,2026-06-21 01:00:00,2026-06-21 01:00:00
00057,user00057@example.com,google-sub-00057,森田達也,男性,30代,小売,部長,京都府,福岡県,小売で活動する部長の森田達也です。会員No.00057として交流を楽しみにしています。,小売や関連分野で協業できる方,一方的な営業のみの方,"小売,部長,京",https://i.pravatar.cc/150?img=57,,https://instagram.com/,https://x.com/,,TRUE,FALSE,なし,オフライン,2026-05-08 12:00:00,2026-04-24 12:00:00,2026-05-10 10:00:00,2026-05-10 10:00:00
00058,user00058@example.com,google-sub-00058,原陽子,女性,40代,教育,個人事業主,兵庫県,静岡県,教育で活動する個人事業主の原陽子です。会員No.00058として交流を楽しみにしています。,教育や関連分野で協業できる方,一方的な営業のみの方,"教育,個人事業主,兵庫",https://i.pravatar.cc/150?img=58,https://line.me/,https://instagram.com/,https://x.com/,,TRUE,FALSE,なし,オフライン,2026-04-06 05:00:00,2026-03-17 05:00:00,2026-04-06 11:00:00,2026-04-06 11:00:00
00059,user00059@example.com,google-sub-00059,柴田健太,男性,50代,医療・福祉,フリーランス,広島県,宮城県,医療・福祉で活動するフリーランスの柴田健太です。会員No.00059として交流を楽しみにしています。,医療・福祉や関連分野で協業できる方,一方的な営業のみの方,"医療,フリーランス,広島",https://i.pravatar.cc/150?img=59,https://line.me/,https://instagram.com/,https://x.com/,,TRUE,FALSE,なし,オフライン,2026-05-11 15:00:00,2026-04-16 15:00:00,2026-05-11 21:00:00,2026-05-11 21:00:00
00060,user00060@example.com,google-sub-00060,酒井美穂,女性,60代,その他,その他,福岡県,埼玉県,その他で活動するその他の酒井美穂です。会員No.00060として交流を楽しみにしています。,その他や関連分野で協業できる方,一方的な営業のみの方,"その,その他,福岡",https://i.pravatar.cc/150?img=60,,,,https://youtube.com/,FALSE,FALSE,なし,オフライン,2026-06-07 19:00:00,2026-05-21 19:00:00,2026-06-08 23:00:00,2026-05-21 19:00:00
00061,user00061@example.com,google-sub-00061,佐藤拓也,男性,20代,サービス業,経営者,佐賀県,大阪府,サービス業で活動する経営者の佐藤拓也です。会員No.00061として交流を楽しみにしています。,サービス業や関連分野で協業できる方,一方的な営業のみの方,"サー,経営者,佐賀",https://i.pravatar.cc/150?img=61,https://line.me/,https://instagram.com/,https://x.com/,,TRUE,FALSE,なし,オフライン,2026-07-08 20:00:00,2026-06-30 20:00:00,2026-07-10 01:00:00,2026-07-10 01:00:00
00062,user00062@example.com,google-sub-00062,鈴木美穂,女性,30代,美容・健康,代表取締役,沖縄県,広島県,美容・健康で活動する代表取締役の鈴木美穂です。会員No.00062として交流を楽しみにしています。,美容・健康や関連分野で協業できる方,一方的な営業のみの方,"美容,代表取締役,沖縄",https://i.pravatar.cc/150?img=62,https://line.me/,https://instagram.com/,https://x.com/,,TRUE,FALSE,なし,オフライン,2026-07-05 23:00:00,2026-06-21 23:00:00,2026-07-07 10:00:00,2026-07-07 10:00:00
00063,user00063@example.com,google-sub-00063,高橋翔太,男性,40代,建設・不動産,CEO,静岡県,沖縄県,建設・不動産で活動するCEOの高橋翔太です。会員No.00063として交流を楽しみにしています。,建設・不動産や関連分野で協業できる方,一方的な営業のみの方,"建設,CEO,静岡",https://i.pravatar.cc/150?img=63,,https://instagram.com/,https://x.com/,,TRUE,FALSE,なし,オンライン,2026-06-25 05:00:00,2026-06-08 05:00:00,2026-06-25 05:00:00,2026-06-25 05:00:00
00064,user00064@example.com,google-sub-00064,田中恵,女性,50代,飲食・サービス,サロンオーナー,新潟県,北海道,飲食・サービスで活動するサロンオーナーの田中恵です。会員No.00064として交流を楽しみにしています。,飲食・サービスや関連分野で協業できる方,一方的な営業のみの方,"飲食,サロンオーナー,新潟",https://i.pravatar.cc/150?img=64,https://line.me/,,https://x.com/,,TRUE,FALSE,なし,オフライン,2026-03-27 18:00:00,2026-03-22 18:00:00,2026-03-28 20:00:00,2026-03-28 20:00:00
00065,user00065@example.com,google-sub-00065,伊藤陽翔,男性,60代,製造業,専務取締役,北海道,神奈川県,製造業で活動する専務取締役の伊藤陽翔です。会員No.00065として交流を楽しみにしています。,製造業や関連分野で協業できる方,一方的な営業のみの方,"製造,専務取締役,北海道",https://i.pravatar.cc/150?img=65,https://line.me/,https://instagram.com/,,,TRUE,FALSE,なし,オフライン,2026-05-01 19:00:00,2026-04-04 19:00:00,2026-05-02 20:00:00,2026-05-02 20:00:00
00066,user00066@example.com,google-sub-00066,渡辺陽子,女性,20代,IT・通信,工場長,宮城県,愛知県,IT・通信で活動する工場長の渡辺陽子です。会員No.00066として交流を楽しみにしています。,IT・通信や関連分野で協業できる方,一方的な営業のみの方,"IT,工場長,宮城",https://i.pravatar.cc/150?img=66,,https://instagram.com/,https://x.com/,https://youtube.com/,TRUE,FALSE,なし,オフライン,2026-06-10 13:00:00,2026-06-10 13:00:00,2026-06-11 13:00:00,2026-06-11 13:00:00
00067,user00067@example.com,google-sub-00067,山本亮,男性,30代,小売,部長,東京都,兵庫県,小売で活動する部長の山本亮です。会員No.00067として交流を楽しみにしています。,小売や関連分野で協業できる方,一方的な営業のみの方,"小売,部長,東京",https://i.pravatar.cc/150?img=67,https://line.me/,https://instagram.com/,https://x.com/,,TRUE,FALSE,なし,オフライン,2026-03-23 11:00:00,2026-03-14 11:00:00,2026-03-24 14:00:00,2026-03-24 14:00:00
00068,user00068@example.com,google-sub-00068,中村陽菜,女性,40代,教育,個人事業主,神奈川県,佐賀県,教育で活動する個人事業主の中村陽菜です。会員No.00068として交流を楽しみにしています。,教育や関連分野で協業できる方,一方的な営業のみの方,"教育,個人事業主,神奈川",https://i.pravatar.cc/150?img=68,https://line.me/,,https://x.com/,,TRUE,FALSE,なし,オフライン,2026-04-08 10:00:00,2026-04-04 10:00:00,2026-04-08 22:00:00,2026-04-08 22:00:00
00069,user00069@example.com,google-sub-00069,小林裕介,男性,50代,医療・福祉,フリーランス,埼玉県,新潟県,医療・福祉で活動するフリーランスの小林裕介です。会員No.00069として交流を楽しみにしています。,医療・福祉や関連分野で協業できる方,一方的な営業のみの方,"医療,フリーランス,埼玉",https://i.pravatar.cc/150?img=69,,https://instagram.com/,https://x.com/,,TRUE,FALSE,なし,オフライン,2026-06-05 00:00:00,2026-05-18 00:00:00,2026-06-06 23:00:00,2026-06-06 23:00:00
00070,user00070@example.com,google-sub-00070,加藤陽菜,女性,60代,その他,その他,千葉県,東京都,その他で活動するその他の加藤陽菜です。会員No.00070として交流を楽しみにしています。,その他や関連分野で協業できる方,一方的な営業のみの方,"その,その他,千葉",https://i.pravatar.cc/150?img=70,https://line.me/,https://instagram.com/,,,TRUE,FALSE,なし,オンライン,2026-06-24 15:00:00,2026-06-23 15:00:00,2026-06-24 18:00:00,2026-06-24 18:00:00
00071,user00071@example.com,google-sub-00071,吉田陸,男性,20代,サービス業,経営者,愛知県,千葉県,サービス業で活動する経営者の吉田陸です。会員No.00071として交流を楽しみにしています。,サービス業や関連分野で協業できる方,一方的な営業のみの方,"サー,経営者,愛知",https://i.pravatar.cc/150?img=1,https://line.me/,https://instagram.com/,https://x.com/,,TRUE,FALSE,なし,オフライン,2026-07-08 09:00:00,2026-06-09 09:00:00,2026-07-09 18:00:00,2026-07-09 18:00:00
00072,user00072@example.com,google-sub-00072,山田愛,女性,30代,美容・健康,代表取締役,大阪府,京都府,美容・健康で活動する代表取締役の山田愛です。会員No.00072として交流を楽しみにしています。,美容・健康や関連分野で協業できる方,一方的な営業のみの方,"美容,代表取締役,大阪",https://i.pravatar.cc/150?img=2,,,https://x.com/,https://youtube.com/,TRUE,FALSE,なし,オフライン,2026-07-11 09:00:00,2026-07-09 09:00:00,2026-07-11 20:00:00,2026-07-11 20:00:00
00073,user00073@example.com,google-sub-00073,佐々木大輔,男性,40代,建設・不動産,CEO,京都府,福岡県,建設・不動産で活動するCEOの佐々木大輔です。会員No.00073として交流を楽しみにしています。,建設・不動産や関連分野で協業できる方,一方的な営業のみの方,"建設,CEO,京",https://i.pravatar.cc/150?img=3,https://line.me/,https://instagram.com/,https://x.com/,,TRUE,FALSE,なし,オフライン,2026-04-16 23:00:00,2026-03-26 23:00:00,2026-04-17 14:00:00,2026-04-17 14:00:00
00074,user00074@example.com,google-sub-00074,山口花,女性,50代,飲食・サービス,サロンオーナー,兵庫県,静岡県,飲食・サービスで活動するサロンオーナーの山口花です。会員No.00074として交流を楽しみにしています。,飲食・サービスや関連分野で協業できる方,一方的な営業のみの方,"飲食,サロンオーナー,兵庫",https://i.pravatar.cc/150?img=4,https://line.me/,https://instagram.com/,https://x.com/,,TRUE,FALSE,なし,オフライン,2026-06-16 07:00:00,2026-06-09 07:00:00,2026-06-17 20:00:00,2026-06-17 20:00:00
00075,user00075@example.com,google-sub-00075,松本颯太,男性,60代,製造業,専務取締役,広島県,宮城県,製造業で活動する専務取締役の松本颯太です。会員No.00075として交流を楽しみにしています。,製造業や関連分野で協業できる方,一方的な営業のみの方,"製造,専務取締役,広島",https://i.pravatar.cc/150?img=5,,https://instagram.com/,,,TRUE,FALSE,なし,オフライン,2026-06-26 06:00:00,2026-06-24 06:00:00,2026-06-27 08:00:00,2026-06-27 08:00:00
00076,user00076@example.com,google-sub-00076,井上莉子,女性,20代,IT・通信,工場長,福岡県,埼玉県,IT・通信で活動する工場長の井上莉子です。会員No.00076として交流を楽しみにしています。,IT・通信や関連分野で協業できる方,一方的な営業のみの方,"IT,工場長,福岡",https://i.pravatar.cc/150?img=6,https://line.me/,,https://x.com/,,TRUE,FALSE,なし,オフライン,2026-04-20 09:00:00,2026-04-10 09:00:00,2026-04-21 01:00:00,2026-04-21 01:00:00
00077,user00077@example.com,google-sub-00077,木村誠,男性,30代,小売,部長,佐賀県,大阪府,小売で活動する部長の木村誠です。会員No.00077として交流を楽しみにしています。,小売や関連分野で協業できる方,一方的な営業のみの方,"小売,部長,佐賀",https://i.pravatar.cc/150?img=7,https://line.me/,https://instagram.com/,https://x.com/,,TRUE,FALSE,なし,オンライン,2026-04-07 15:00:00,2026-03-31 15:00:00,2026-04-08 07:00:00,2026-04-08 07:00:00
00078,user00078@example.com,google-sub-00078,林花,女性,40代,教育,個人事業主,沖縄県,広島県,教育で活動する個人事業主の林花です。会員No.00078として交流を楽しみにしています。,教育や関連分野で協業できる方,一方的な営業のみの方,"教育,個人事業主,沖縄",https://i.pravatar.cc/150?img=8,,https://instagram.com/,https://x.com/,https://youtube.com/,TRUE,FALSE,なし,オフライン,2026-06-15 05:00:00,2026-06-06 05:00:00,2026-06-16 10:00:00,2026-06-16 10:00:00
00079,user00079@example.com,google-sub-00079,斎藤和也,男性,50代,医療・福祉,フリーランス,静岡県,沖縄県,医療・福祉で活動するフリーランスの斎藤和也です。会員No.00079として交流を楽しみにしています。,医療・福祉や関連分野で協業できる方,一方的な営業のみの方,"医療,フリーランス,静岡",https://i.pravatar.cc/150?img=9,https://line.me/,https://instagram.com/,https://x.com/,,TRUE,FALSE,なし,オフライン,2026-03-27 23:00:00,2026-03-27 23:00:00,2026-03-29 04:00:00,2026-03-29 04:00:00
00080,user00080@example.com,google-sub-00080,清水美羽,女性,60代,その他,その他,新潟県,北海道,その他で活動するその他の清水美羽です。会員No.00080として交流を楽しみにしています。,その他や関連分野で協業できる方,一方的な営業のみの方,"その,その他,新潟",https://i.pravatar.cc/150?img=10,https://line.me/,,,,TRUE,FALSE,なし,オフライン,2026-04-20 22:00:00,2026-04-18 22:00:00,2026-04-22 08:00:00,2026-04-22 08:00:00
00081,user00081@example.com,google-sub-00081,阿部誠,男性,20代,サービス業,経営者,北海道,神奈川県,サービス業で活動する経営者の阿部誠です。会員No.00081として交流を楽しみにしています。,サービス業や関連分野で協業できる方,一方的な営業のみの方,"サー,経営者,北海道",https://i.pravatar.cc/150?img=11,,https://instagram.com/,https://x.com/,,TRUE,FALSE,なし,オフライン,2026-07-07 17:00:00,2026-07-03 17:00:00,2026-07-08 15:00:00,2026-07-08 15:00:00
00082,user00082@example.com,google-sub-00082,池田恵,女性,30代,美容・健康,代表取締役,宮城県,愛知県,美容・健康で活動する代表取締役の池田恵です。会員No.00082として交流を楽しみにしています。,美容・健康や関連分野で協業できる方,一方的な営業のみの方,"美容,代表取締役,宮城",https://i.pravatar.cc/150?img=12,https://line.me/,https://instagram.com/,https://x.com/,,TRUE,FALSE,なし,オフライン,2026-07-10 14:00:00,2026-07-01 14:00:00,2026-07-11 00:00:00,2026-07-11 00:00:00
00083,user00083@example.com,google-sub-00083,森蓮,男性,40代,建設・不動産,CEO,東京都,兵庫県,建設・不動産で活動するCEOの森蓮です。会員No.00083として交流を楽しみにしています。,建設・不動産や関連分野で協業できる方,一方的な営業のみの方,"建設,CEO,東京",https://i.pravatar.cc/150?img=13,https://line.me/,https://instagram.com/,https://x.com/,,TRUE,FALSE,なし,オフライン,2026-03-17 08:00:00,2026-02-23 08:00:00,2026-03-18 03:00:00,2026-03-18 03:00:00
00084,user00084@example.com,google-sub-00084,橋本美羽,女性,50代,飲食・サービス,サロンオーナー,神奈川県,佐賀県,飲食・サービスで活動するサロンオーナーの橋本美羽です。会員No.00084として交流を楽しみにしています。,飲食・サービスや関連分野で協業できる方,一方的な営業のみの方,"飲食,サロンオーナー,神奈川",https://i.pravatar.cc/150?img=14,,,https://x.com/,https://youtube.com/,TRUE,FALSE,なし,オンライン,2026-03-20 05:00:00,2026-03-04 05:00:00,2026-03-20 05:00:00,2026-03-20 05:00:00
00085,user00085@example.com,google-sub-00085,山下蒼,男性,60代,製造業,専務取締役,埼玉県,新潟県,製造業で活動する専務取締役の山下蒼です。会員No.00085として交流を楽しみにしています。,製造業や関連分野で協業できる方,一方的な営業のみの方,"製造,専務取締役,埼玉",https://i.pravatar.cc/150?img=15,https://line.me/,https://instagram.com/,,,TRUE,FALSE,なし,オフライン,2026-05-24 22:00:00,2026-04-24 22:00:00,2026-05-25 06:00:00,2026-05-25 06:00:00
00086,user00086@example.com,google-sub-00086,石川奈々,女性,20代,IT・通信,工場長,千葉県,東京都,IT・通信で活動する工場長の石川奈々です。会員No.00086として交流を楽しみにしています。,IT・通信や関連分野で協業できる方,一方的な営業のみの方,"IT,工場長,千葉",https://i.pravatar.cc/150?img=16,https://line.me/,https://instagram.com/,https://x.com/,,TRUE,FALSE,なし,オフライン,2026-06-17 22:00:00,2026-05-25 22:00:00,2026-06-19 09:00:00,2026-06-19 09:00:00
00087,user00087@example.com,google-sub-00087,中島拓也,男性,30代,小売,部長,愛知県,千葉県,小売で活動する部長の中島拓也です。会員No.00087として交流を楽しみにしています。,小売や関連分野で協業できる方,一方的な営業のみの方,"小売,部長,愛知",https://i.pravatar.cc/150?img=17,,https://instagram.com/,https://x.com/,,TRUE,FALSE,なし,オフライン,2026-05-28 16:00:00,2026-05-09 16:00:00,2026-05-29 05:00:00,2026-05-29 05:00:00
00088,user00088@example.com,google-sub-00088,前田結衣,女性,40代,教育,個人事業主,大阪府,京都府,教育で活動する個人事業主の前田結衣です。会員No.00088として交流を楽しみにしています。,教育や関連分野で協業できる方,一方的な営業のみの方,"教育,個人事業主,大阪",https://i.pravatar.cc/150?img=18,https://line.me/,,https://x.com/,,TRUE,FALSE,なし,オフライン,2026-06-05 05:00:00,2026-05-09 05:00:00,2026-06-05 21:00:00,2026-06-05 21:00:00
00089,user00089@example.com,google-sub-00089,藤田湊,男性,50代,医療・福祉,フリーランス,京都府,福岡県,医療・福祉で活動するフリーランスの藤田湊です。会員No.00089として交流を楽しみにしています。,医療・福祉や関連分野で協業できる方,一方的な営業のみの方,"医療,フリーランス,京",https://i.pravatar.cc/150?img=19,https://line.me/,https://instagram.com/,https://x.com/,,TRUE,FALSE,なし,オフライン,2026-04-30 17:00:00,2026-04-02 17:00:00,2026-04-30 20:00:00,2026-04-30 20:00:00
00090,user00090@example.com,google-sub-00090,岡田恵,女性,60代,その他,その他,兵庫県,静岡県,その他で活動するその他の岡田恵です。会員No.00090として交流を楽しみにしています。,その他や関連分野で協業できる方,一方的な営業のみの方,"その,その他,兵庫",https://i.pravatar.cc/150?img=20,,https://instagram.com/,,https://youtube.com/,FALSE,FALSE,なし,オフライン,2026-04-11 12:00:00,2026-03-16 12:00:00,2026-04-12 05:00:00,2026-03-16 12:00:00
00091,user00091@example.com,google-sub-00091,後藤健太,男性,20代,サービス業,経営者,広島県,宮城県,サービス業で活動する経営者の後藤健太です。会員No.00091として交流を楽しみにしています。,サービス業や関連分野で協業できる方,一方的な営業のみの方,"サー,経営者,広島",https://i.pravatar.cc/150?img=21,https://line.me/,https://instagram.com/,https://x.com/,,TRUE,FALSE,なし,オンライン,2026-07-11 15:00:00,2026-06-17 15:00:00,2026-07-11 23:00:00,2026-07-11 23:00:00
00092,user00092@example.com,google-sub-00092,長谷川奈々,女性,30代,美容・健康,代表取締役,福岡県,埼玉県,美容・健康で活動する代表取締役の長谷川奈々です。会員No.00092として交流を楽しみにしています。,美容・健康や関連分野で協業できる方,一方的な営業のみの方,"美容,代表取締役,福岡",https://i.pravatar.cc/150?img=22,https://line.me/,,https://x.com/,,TRUE,FALSE,なし,オフライン,2026-07-10 11:00:00,2026-06-23 11:00:00,2026-07-12 08:00:00,2026-07-12 08:00:00
00093,user00093@example.com,google-sub-00093,石井悠人,男性,40代,建設・不動産,CEO,佐賀県,大阪府,建設・不動産で活動するCEOの石井悠人です。会員No.00093として交流を楽しみにしています。,建設・不動産や関連分野で協業できる方,一方的な営業のみの方,"建設,CEO,佐賀",https://i.pravatar.cc/150?img=23,,https://instagram.com/,https://x.com/,,TRUE,FALSE,なし,オフライン,2026-04-22 01:00:00,2026-04-19 01:00:00,2026-04-22 05:00:00,2026-04-22 05:00:00
00094,user00094@example.com,google-sub-00094,村上真由,女性,50代,飲食・サービス,サロンオーナー,沖縄県,広島県,飲食・サービスで活動するサロンオーナーの村上真由です。会員No.00094として交流を楽しみにしています。,飲食・サービスや関連分野で協業できる方,一方的な営業のみの方,"飲食,サロンオーナー,沖縄",https://i.pravatar.cc/150?img=24,https://line.me/,https://instagram.com/,https://x.com/,,TRUE,FALSE,なし,オフライン,2026-04-24 00:00:00,2026-03-29 00:00:00,2026-04-24 23:00:00,2026-04-24 23:00:00
00095,user00095@example.com,google-sub-00095,近藤陸,男性,60代,製造業,専務取締役,静岡県,沖縄県,製造業で活動する専務取締役の近藤陸です。会員No.00095として交流を楽しみにしています。,製造業や関連分野で協業できる方,一方的な営業のみの方,"製造,専務取締役,静岡",https://i.pravatar.cc/150?img=25,https://line.me/,https://instagram.com/,,,TRUE,FALSE,なし,オフライン,2026-04-22 21:00:00,2026-04-09 21:00:00,2026-04-23 05:00:00,2026-04-23 05:00:00
00096,user00096@example.com,google-sub-00096,坂本陽子,女性,20代,IT・通信,工場長,新潟県,北海道,IT・通信で活動する工場長の坂本陽子です。会員No.00096として交流を楽しみにしています。,IT・通信や関連分野で協業できる方,一方的な営業のみの方,"IT,工場長,新潟",https://i.pravatar.cc/150?img=26,,,https://x.com/,https://youtube.com/,TRUE,FALSE,なし,オフライン,2026-05-23 14:00:00,2026-04-25 14:00:00,2026-05-23 16:00:00,2026-05-23 16:00:00
00097,user00097@example.com,google-sub-00097,遠藤達也,男性,30代,小売,部長,北海道,神奈川県,小売で活動する部長の遠藤達也です。会員No.00097として交流を楽しみにしています。,小売や関連分野で協業できる方,一方的な営業のみの方,"小売,部長,北海道",https://i.pravatar.cc/150?img=27,https://line.me/,https://instagram.com/,https://x.com/,,TRUE,FALSE,なし,オフライン,2026-06-05 18:00:00,2026-05-15 18:00:00,2026-06-06 00:00:00,2026-06-06 00:00:00
00098,user00098@example.com,google-sub-00098,青木美月,女性,40代,教育,個人事業主,宮城県,愛知県,教育で活動する個人事業主の青木美月です。会員No.00098として交流を楽しみにしています。,教育や関連分野で協業できる方,一方的な営業のみの方,"教育,個人事業主,宮城",https://i.pravatar.cc/150?img=28,https://line.me/,https://instagram.com/,https://x.com/,,TRUE,FALSE,なし,オンライン,2026-03-24 08:00:00,2026-02-24 08:00:00,2026-03-25 10:00:00,2026-03-25 10:00:00
00099,user00099@example.com,google-sub-00099,藤井颯太,男性,50代,医療・福祉,フリーランス,東京都,兵庫県,医療・福祉で活動するフリーランスの藤井颯太です。会員No.00099として交流を楽しみにしています。,医療・福祉や関連分野で協業できる方,一方的な営業のみの方,"医療,フリーランス,東京",https://i.pravatar.cc/150?img=29,,https://instagram.com/,https://x.com/,,TRUE,FALSE,なし,オフライン,2026-03-28 21:00:00,2026-02-27 21:00:00,2026-03-29 12:00:00,2026-03-29 12:00:00
00100,user00100@example.com,google-sub-00100,西村愛,女性,60代,その他,その他,神奈川県,佐賀県,その他で活動するその他の西村愛です。会員No.00100として交流を楽しみにしています。,その他や関連分野で協業できる方,一方的な営業のみの方,"その,その他,神奈川",https://i.pravatar.cc/150?img=30,https://line.me/,,,,TRUE,FALSE,なし,オフライン,2026-03-21 20:00:00,2026-02-21 20:00:00,2026-03-22 22:00:00,2026-03-22 22:00:00
00101,user00101@example.com,google-sub-00101,福田太郎,男性,20代,サービス業,経営者,埼玉県,新潟県,サービス業で活動する経営者の福田太郎です。会員No.00101として交流を楽しみにしています。,サービス業や関連分野で協業できる方,一方的な営業のみの方,"サー,経営者,埼玉",https://i.pravatar.cc/150?img=31,https://line.me/,https://instagram.com/,https://x.com/,,TRUE,FALSE,なし,オフライン,2026-07-10 15:00:00,2026-06-15 15:00:00,2026-07-11 17:00:00,2026-07-11 17:00:00
00102,user00102@example.com,google-sub-00102,太田美穂,女性,30代,美容・健康,代表取締役,千葉県,東京都,美容・健康で活動する代表取締役の太田美穂です。会員No.00102として交流を楽しみにしています。,美容・健康や関連分野で協業できる方,一方的な営業のみの方,"美容,代表取締役,千葉",https://i.pravatar.cc/150?img=32,,https://instagram.com/,https://x.com/,https://youtube.com/,TRUE,FALSE,なし,オフライン,2026-07-09 20:00:00,2026-06-14 20:00:00,2026-07-11 16:00:00,2026-07-11 16:00:00
00103,user00103@example.com,google-sub-00103,三浦翔太,男性,40代,建設・不動産,CEO,愛知県,千葉県,建設・不動産で活動するCEOの三浦翔太です。会員No.00103として交流を楽しみにしています。,建設・不動産や関連分野で協業できる方,一方的な営業のみの方,"建設,CEO,愛知",https://i.pravatar.cc/150?img=33,https://line.me/,https://instagram.com/,https://x.com/,,TRUE,FALSE,なし,オフライン,2026-05-15 00:00:00,2026-04-18 00:00:00,2026-05-16 06:00:00,2026-05-16 06:00:00
00104,user00104@example.com,google-sub-00104,岡本美穂,女性,50代,飲食・サービス,サロンオーナー,大阪府,京都府,飲食・サービスで活動するサロンオーナーの岡本美穂です。会員No.00104として交流を楽しみにしています。,飲食・サービスや関連分野で協業できる方,一方的な営業のみの方,"飲食,サロンオーナー,大阪",https://i.pravatar.cc/150?img=34,https://line.me/,,https://x.com/,,TRUE,FALSE,なし,オフライン,2026-06-06 11:00:00,2026-05-26 11:00:00,2026-06-07 06:00:00,2026-06-07 06:00:00
00105,user00105@example.com,google-sub-00105,松田剛,男性,60代,製造業,専務取締役,京都府,福岡県,製造業で活動する専務取締役の松田剛です。会員No.00105として交流を楽しみにしています。,製造業や関連分野で協業できる方,一方的な営業のみの方,"製造,専務取締役,京",https://i.pravatar.cc/150?img=35,,https://instagram.com/,,,TRUE,FALSE,なし,オンライン,2026-06-04 01:00:00,2026-05-14 01:00:00,2026-06-04 13:00:00,2026-06-04 13:00:00
00106,user00106@example.com,google-sub-00106,中川花,女性,20代,IT・通信,工場長,兵庫県,静岡県,IT・通信で活動する工場長の中川花です。会員No.00106として交流を楽しみにしています。,IT・通信や関連分野で協業できる方,一方的な営業のみの方,"IT,工場長,兵庫",https://i.pravatar.cc/150?img=36,https://line.me/,https://instagram.com/,https://x.com/,,TRUE,FALSE,なし,オフライン,2026-05-20 17:00:00,2026-04-23 17:00:00,2026-05-20 21:00:00,2026-05-20 21:00:00
00107,user00107@example.com,google-sub-00107,中野亮,男性,30代,小売,部長,広島県,宮城県,小売で活動する部長の中野亮です。会員No.00107として交流を楽しみにしています。,小売や関連分野で協業できる方,一方的な営業のみの方,"小売,部長,広島",https://i.pravatar.cc/150?img=37,https://line.me/,https://instagram.com/,https://x.com/,,TRUE,FALSE,なし,オフライン,2026-05-18 05:00:00,2026-05-02 05:00:00,2026-05-19 06:00:00,2026-05-19 06:00:00
00108,user00108@example.com,google-sub-00108,原田陽菜,女性,40代,教育,個人事業主,福岡県,埼玉県,教育で活動する個人事業主の原田陽菜です。会員No.00108として交流を楽しみにしています。,教育や関連分野で協業できる方,一方的な営業のみの方,"教育,個人事業主,福岡",https://i.pravatar.cc/150?img=38,,,https://x.com/,https://youtube.com/,TRUE,FALSE,なし,オフライン,2026-05-21 01:00:00,2026-05-18 01:00:00,2026-05-21 17:00:00,2026-05-21 17:00:00
00109,user00109@example.com,google-sub-00109,小野直樹,男性,50代,医療・福祉,フリーランス,佐賀県,大阪府,医療・福祉で活動するフリーランスの小野直樹です。会員No.00109として交流を楽しみにしています。,医療・福祉や関連分野で協業できる方,一方的な営業のみの方,"医療,フリーランス,佐賀",https://i.pravatar.cc/150?img=39,https://line.me/,https://instagram.com/,https://x.com/,,TRUE,FALSE,なし,オフライン,2026-04-18 17:00:00,2026-04-17 17:00:00,2026-04-18 23:00:00,2026-04-18 23:00:00
00110,user00110@example.com,google-sub-00110,田村美羽,女性,60代,その他,その他,沖縄県,広島県,その他で活動するその他の田村美羽です。会員No.00110として交流を楽しみにしています。,その他や関連分野で協業できる方,一方的な営業のみの方,"その,その他,沖縄",https://i.pravatar.cc/150?img=40,https://line.me/,https://instagram.com/,,,TRUE,FALSE,なし,オフライン,2026-05-07 14:00:00,2026-04-14 14:00:00,2026-05-08 10:00:00,2026-05-08 10:00:00
00111,user00111@example.com,google-sub-00111,竹内悠人,男性,20代,サービス業,経営者,静岡県,沖縄県,サービス業で活動する経営者の竹内悠人です。会員No.00111として交流を楽しみにしています。,サービス業や関連分野で協業できる方,一方的な営業のみの方,"サー,経営者,静岡",https://i.pravatar.cc/150?img=41,,https://instagram.com/,https://x.com/,,TRUE,FALSE,なし,オフライン,2026-07-07 09:00:00,2026-07-04 09:00:00,2026-07-08 09:00:00,2026-07-08 09:00:00
00112,user00112@example.com,google-sub-00112,金子莉子,女性,30代,美容・健康,代表取締役,新潟県,北海道,美容・健康で活動する代表取締役の金子莉子です。会員No.00112として交流を楽しみにしています。,美容・健康や関連分野で協業できる方,一方的な営業のみの方,"美容,代表取締役,新潟",https://i.pravatar.cc/150?img=42,https://line.me/,,https://x.com/,,TRUE,FALSE,なし,オンライン,2026-07-10 17:00:00,2026-07-09 17:00:00,2026-07-12 14:00:00,2026-07-12 14:00:00
00113,user00113@example.com,google-sub-00113,和田悠人,男性,40代,建設・不動産,CEO,北海道,神奈川県,建設・不動産で活動するCEOの和田悠人です。会員No.00113として交流を楽しみにしています。,建設・不動産や関連分野で協業できる方,一方的な営業のみの方,"建設,CEO,北海道",https://i.pravatar.cc/150?img=43,https://line.me/,https://instagram.com/,https://x.com/,,TRUE,FALSE,なし,オフライン,2026-07-01 09:00:00,2026-06-02 09:00:00,2026-07-02 19:00:00,2026-07-02 19:00:00
00114,user00114@example.com,google-sub-00114,中山優子,女性,50代,飲食・サービス,サロンオーナー,宮城県,愛知県,飲食・サービスで活動するサロンオーナーの中山優子です。会員No.00114として交流を楽しみにしています。,飲食・サービスや関連分野で協業できる方,一方的な営業のみの方,"飲食,サロンオーナー,宮城",https://i.pravatar.cc/150?img=44,,https://instagram.com/,https://x.com/,https://youtube.com/,TRUE,FALSE,なし,オフライン,2026-05-16 12:00:00,2026-05-14 12:00:00,2026-05-18 06:00:00,2026-05-18 06:00:00
00115,user00115@example.com,google-sub-00115,石田和也,男性,60代,製造業,専務取締役,東京都,兵庫県,製造業で活動する専務取締役の石田和也です。会員No.00115として交流を楽しみにしています。,製造業や関連分野で協業できる方,一方的な営業のみの方,"製造,専務取締役,東京",https://i.pravatar.cc/150?img=45,https://line.me/,https://instagram.com/,,,TRUE,FALSE,なし,オフライン,2026-04-13 15:00:00,2026-03-23 15:00:00,2026-04-13 22:00:00,2026-04-13 22:00:00
00116,user00116@example.com,google-sub-00116,上田さくら,女性,20代,IT・通信,工場長,神奈川県,佐賀県,IT・通信で活動する工場長の上田さくらです。会員No.00116として交流を楽しみにしています。,IT・通信や関連分野で協業できる方,一方的な営業のみの方,"IT,工場長,神奈川",https://i.pravatar.cc/150?img=46,https://line.me/,,https://x.com/,,TRUE,FALSE,なし,オフライン,2026-04-28 16:00:00,2026-04-07 16:00:00,2026-04-29 18:00:00,2026-04-29 18:00:00
00117,user00117@example.com,google-sub-00117,森田和也,男性,30代,小売,部長,埼玉県,新潟県,小売で活動する部長の森田和也です。会員No.00117として交流を楽しみにしています。,小売や関連分野で協業できる方,一方的な営業のみの方,"小売,部長,埼玉",https://i.pravatar.cc/150?img=47,,https://instagram.com/,https://x.com/,,TRUE,FALSE,なし,オフライン,2026-05-11 16:00:00,2026-04-24 16:00:00,2026-05-12 00:00:00,2026-05-12 00:00:00
00118,user00118@example.com,google-sub-00118,原優子,女性,40代,教育,個人事業主,千葉県,東京都,教育で活動する個人事業主の原優子です。会員No.00118として交流を楽しみにしています。,教育や関連分野で協業できる方,一方的な営業のみの方,"教育,個人事業主,千葉",https://i.pravatar.cc/150?img=48,https://line.me/,https://instagram.com/,https://x.com/,,TRUE,FALSE,なし,オフライン,2026-05-09 13:00:00,2026-04-18 13:00:00,2026-05-11 12:00:00,2026-05-11 12:00:00
00119,user00119@example.com,google-sub-00119,柴田直樹,男性,50代,医療・福祉,フリーランス,愛知県,千葉県,医療・福祉で活動するフリーランスの柴田直樹です。会員No.00119として交流を楽しみにしています。,医療・福祉や関連分野で協業できる方,一方的な営業のみの方,"医療,フリーランス,愛知",https://i.pravatar.cc/150?img=49,https://line.me/,https://instagram.com/,https://x.com/,,TRUE,FALSE,なし,オンライン,2026-04-14 07:00:00,2026-04-05 07:00:00,2026-04-15 08:00:00,2026-04-15 08:00:00
00120,user00120@example.com,google-sub-00120,酒井陽菜,女性,60代,その他,その他,大阪府,京都府,その他で活動するその他の酒井陽菜です。会員No.00120として交流を楽しみにしています。,その他や関連分野で協業できる方,一方的な営業のみの方,"その,その他,大阪",https://i.pravatar.cc/150?img=50,,,,https://youtube.com/,FALSE,FALSE,なし,オフライン,2026-03-18 01:00:00,2026-03-09 01:00:00,2026-03-18 19:00:00,2026-03-09 01:00:00
00121,user00121@example.com,google-sub-00121,佐藤誠,男性,20代,サービス業,経営者,京都府,福岡県,サービス業で活動する経営者の佐藤誠です。会員No.00121として交流を楽しみにしています。,サービス業や関連分野で協業できる方,一方的な営業のみの方,"サー,経営者,京",https://i.pravatar.cc/150?img=51,https://line.me/,https://instagram.com/,https://x.com/,,TRUE,FALSE,なし,オフライン,2026-07-08 07:00:00,2026-06-19 07:00:00,2026-07-10 00:00:00,2026-07-10 00:00:00
00122,user00122@example.com,google-sub-00122,鈴木結衣,女性,30代,美容・健康,代表取締役,兵庫県,静岡県,美容・健康で活動する代表取締役の鈴木結衣です。会員No.00122として交流を楽しみにしています。,美容・健康や関連分野で協業できる方,一方的な営業のみの方,"美容,代表取締役,兵庫",https://i.pravatar.cc/150?img=52,https://line.me/,https://instagram.com/,https://x.com/,,TRUE,FALSE,なし,オフライン,2026-07-08 11:00:00,2026-06-24 11:00:00,2026-07-10 06:00:00,2026-07-10 06:00:00
00123,user00123@example.com,google-sub-00123,高橋誠,男性,40代,建設・不動産,CEO,広島県,宮城県,建設・不動産で活動するCEOの高橋誠です。会員No.00123として交流を楽しみにしています。,建設・不動産や関連分野で協業できる方,一方的な営業のみの方,"建設,CEO,広島",https://i.pravatar.cc/150?img=53,,https://instagram.com/,https://x.com/,,TRUE,FALSE,なし,オフライン,2026-04-27 10:00:00,2026-04-02 10:00:00,2026-04-29 09:00:00,2026-04-29 09:00:00
00124,user00124@example.com,google-sub-00124,田中愛,女性,50代,飲食・サービス,サロンオーナー,福岡県,埼玉県,飲食・サービスで活動するサロンオーナーの田中愛です。会員No.00124として交流を楽しみにしています。,飲食・サービスや関連分野で協業できる方,一方的な営業のみの方,"飲食,サロンオーナー,福岡",https://i.pravatar.cc/150?img=54,https://line.me/,,https://x.com/,,TRUE,FALSE,なし,オフライン,2026-04-08 23:00:00,2026-03-30 23:00:00,2026-04-10 07:00:00,2026-04-10 07:00:00
00125,user00125@example.com,google-sub-00125,伊藤颯太,男性,60代,製造業,専務取締役,佐賀県,大阪府,製造業で活動する専務取締役の伊藤颯太です。会員No.00125として交流を楽しみにしています。,製造業や関連分野で協業できる方,一方的な営業のみの方,"製造,専務取締役,佐賀",https://i.pravatar.cc/150?img=55,https://line.me/,https://instagram.com/,,,TRUE,FALSE,なし,オフライン,2026-05-20 23:00:00,2026-04-24 23:00:00,2026-05-22 23:00:00,2026-05-22 23:00:00
00126,user00126@example.com,google-sub-00126,渡辺美穂,女性,20代,IT・通信,工場長,沖縄県,広島県,IT・通信で活動する工場長の渡辺美穂です。会員No.00126として交流を楽しみにしています。,IT・通信や関連分野で協業できる方,一方的な営業のみの方,"IT,工場長,沖縄",https://i.pravatar.cc/150?img=56,,https://instagram.com/,https://x.com/,https://youtube.com/,TRUE,FALSE,なし,オンライン,2026-04-06 16:00:00,2026-03-30 16:00:00,2026-04-07 04:00:00,2026-04-07 04:00:00
00127,user00127@example.com,google-sub-00127,山本拓也,男性,30代,小売,部長,静岡県,沖縄県,小売で活動する部長の山本拓也です。会員No.00127として交流を楽しみにしています。,小売や関連分野で協業できる方,一方的な営業のみの方,"小売,部長,静岡",https://i.pravatar.cc/150?img=57,https://line.me/,https://instagram.com/,https://x.com/,,TRUE,FALSE,なし,オフライン,2026-06-29 00:00:00,2026-06-22 00:00:00,2026-06-30 06:00:00,2026-06-30 06:00:00
00128,user00128@example.com,google-sub-00128,中村美羽,女性,40代,教育,個人事業主,新潟県,北海道,教育で活動する個人事業主の中村美羽です。会員No.00128として交流を楽しみにしています。,教育や関連分野で協業できる方,一方的な営業のみの方,"教育,個人事業主,新潟",https://i.pravatar.cc/150?img=58,https://line.me/,,https://x.com/,,TRUE,FALSE,なし,オフライン,2026-03-15 23:00:00,2026-03-01 23:00:00,2026-03-17 01:00:00,2026-03-17 01:00:00
00129,user00129@example.com,google-sub-00129,小林陸,男性,50代,医療・福祉,フリーランス,北海道,神奈川県,医療・福祉で活動するフリーランスの小林陸です。会員No.00129として交流を楽しみにしています。,医療・福祉や関連分野で協業できる方,一方的な営業のみの方,"医療,フリーランス,北海道",https://i.pravatar.cc/150?img=59,,https://instagram.com/,https://x.com/,,TRUE,FALSE,なし,オフライン,2026-06-07 13:00:00,2026-05-23 13:00:00,2026-06-08 14:00:00,2026-06-08 14:00:00
00130,user00130@example.com,google-sub-00130,加藤美穂,女性,60代,その他,その他,宮城県,愛知県,その他で活動するその他の加藤美穂です。会員No.00130として交流を楽しみにしています。,その他や関連分野で協業できる方,一方的な営業のみの方,"その,その他,宮城",https://i.pravatar.cc/150?img=60,https://line.me/,https://instagram.com/,,,TRUE,FALSE,なし,オフライン,2026-06-13 05:00:00,2026-05-22 05:00:00,2026-06-13 05:00:00,2026-06-13 05:00:00
00131,user00131@example.com,google-sub-00131,吉田翔太,男性,20代,サービス業,経営者,東京都,兵庫県,サービス業で活動する経営者の吉田翔太です。会員No.00131として交流を楽しみにしています。,サービス業や関連分野で協業できる方,一方的な営業のみの方,"サー,経営者,東京",https://i.pravatar.cc/150?img=61,https://line.me/,https://instagram.com/,https://x.com/,,TRUE,FALSE,なし,オフライン,2026-07-05 12:00:00,2026-06-28 12:00:00,2026-07-05 23:00:00,2026-07-05 23:00:00
00132,user00132@example.com,google-sub-00132,山田芽依,女性,30代,美容・健康,代表取締役,神奈川県,佐賀県,美容・健康で活動する代表取締役の山田芽依です。会員No.00132として交流を楽しみにしています。,美容・健康や関連分野で協業できる方,一方的な営業のみの方,"美容,代表取締役,神奈川",https://i.pravatar.cc/150?img=62,,,https://x.com/,https://youtube.com/,TRUE,FALSE,なし,オフライン,2026-07-09 00:00:00,2026-06-22 00:00:00,2026-07-09 15:00:00,2026-07-09 15:00:00
00133,user00133@example.com,google-sub-00133,佐々木翔太,男性,40代,建設・不動産,CEO,埼玉県,新潟県,建設・不動産で活動するCEOの佐々木翔太です。会員No.00133として交流を楽しみにしています。,建設・不動産や関連分野で協業できる方,一方的な営業のみの方,"建設,CEO,埼玉",https://i.pravatar.cc/150?img=63,https://line.me/,https://instagram.com/,https://x.com/,,TRUE,FALSE,なし,オンライン,2026-05-04 21:00:00,2026-04-09 21:00:00,2026-05-06 02:00:00,2026-05-06 02:00:00
00134,user00134@example.com,google-sub-00134,山口芽依,女性,50代,飲食・サービス,サロンオーナー,千葉県,東京都,飲食・サービスで活動するサロンオーナーの山口芽依です。会員No.00134として交流を楽しみにしています。,飲食・サービスや関連分野で協業できる方,一方的な営業のみの方,"飲食,サロンオーナー,千葉",https://i.pravatar.cc/150?img=64,https://line.me/,https://instagram.com/,https://x.com/,,TRUE,FALSE,なし,オフライン,2026-04-21 06:00:00,2026-04-11 06:00:00,2026-04-23 06:00:00,2026-04-23 06:00:00
00135,user00135@example.com,google-sub-00135,松本蓮,男性,60代,製造業,専務取締役,愛知県,千葉県,製造業で活動する専務取締役の松本蓮です。会員No.00135として交流を楽しみにしています。,製造業や関連分野で協業できる方,一方的な営業のみの方,"製造,専務取締役,愛知",https://i.pravatar.cc/150?img=65,,https://instagram.com/,,,TRUE,FALSE,なし,オフライン,2026-04-14 09:00:00,2026-04-01 09:00:00,2026-04-15 20:00:00,2026-04-15 20:00:00
00136,user00136@example.com,google-sub-00136,井上葵,女性,20代,IT・通信,工場長,大阪府,京都府,IT・通信で活動する工場長の井上葵です。会員No.00136として交流を楽しみにしています。,IT・通信や関連分野で協業できる方,一方的な営業のみの方,"IT,工場長,大阪",https://i.pravatar.cc/150?img=66,https://line.me/,,https://x.com/,,TRUE,FALSE,なし,オフライン,2026-06-11 10:00:00,2026-05-28 10:00:00,2026-06-12 02:00:00,2026-06-12 02:00:00
00137,user00137@example.com,google-sub-00137,木村剛,男性,30代,小売,部長,京都府,福岡県,小売で活動する部長の木村剛です。会員No.00137として交流を楽しみにしています。,小売や関連分野で協業できる方,一方的な営業のみの方,"小売,部長,京",https://i.pravatar.cc/150?img=67,https://line.me/,https://instagram.com/,https://x.com/,,TRUE,FALSE,なし,オフライン,2026-03-16 05:00:00,2026-03-08 05:00:00,2026-03-17 14:00:00,2026-03-17 14:00:00
00138,user00138@example.com,google-sub-00138,林心,女性,40代,教育,個人事業主,兵庫県,静岡県,教育で活動する個人事業主の林心です。会員No.00138として交流を楽しみにしています。,教育や関連分野で協業できる方,一方的な営業のみの方,"教育,個人事業主,兵庫",https://i.pravatar.cc/150?img=68,,https://instagram.com/,https://x.com/,https://youtube.com/,TRUE,FALSE,なし,オフライン,2026-04-12 18:00:00,2026-04-04 18:00:00,2026-04-13 22:00:00,2026-04-13 22:00:00
00139,user00139@example.com,google-sub-00139,斎藤大輔,男性,50代,医療・福祉,フリーランス,広島県,宮城県,医療・福祉で活動するフリーランスの斎藤大輔です。会員No.00139として交流を楽しみにしています。,医療・福祉や関連分野で協業できる方,一方的な営業のみの方,"医療,フリーランス,広島",https://i.pravatar.cc/150?img=69,https://line.me/,https://instagram.com/,https://x.com/,,TRUE,FALSE,なし,オフライン,2026-04-01 16:00:00,2026-03-25 16:00:00,2026-04-02 09:00:00,2026-04-02 09:00:00
00140,user00140@example.com,google-sub-00140,清水結衣,女性,60代,その他,その他,福岡県,埼玉県,その他で活動するその他の清水結衣です。会員No.00140として交流を楽しみにしています。,その他や関連分野で協業できる方,一方的な営業のみの方,"その,その他,福岡",https://i.pravatar.cc/150?img=70,https://line.me/,,,,TRUE,FALSE,なし,オンライン,2026-05-22 08:00:00,2026-05-20 08:00:00,2026-05-22 16:00:00,2026-05-22 16:00:00
00141,user00141@example.com,google-sub-00141,阿部拓也,男性,20代,サービス業,経営者,佐賀県,大阪府,サービス業で活動する経営者の阿部拓也です。会員No.00141として交流を楽しみにしています。,サービス業や関連分野で協業できる方,一方的な営業のみの方,"サー,経営者,佐賀",https://i.pravatar.cc/150?img=1,,https://instagram.com/,https://x.com/,,TRUE,FALSE,なし,オフライン,2026-07-10 13:00:00,2026-06-18 13:00:00,2026-07-10 22:00:00,2026-07-10 22:00:00
00142,user00142@example.com,google-sub-00142,池田優子,女性,30代,美容・健康,代表取締役,沖縄県,広島県,美容・健康で活動する代表取締役の池田優子です。会員No.00142として交流を楽しみにしています。,美容・健康や関連分野で協業できる方,一方的な営業のみの方,"美容,代表取締役,沖縄",https://i.pravatar.cc/150?img=2,https://line.me/,https://instagram.com/,https://x.com/,,TRUE,FALSE,なし,オフライン,2026-07-11 12:00:00,2026-06-28 12:00:00,2026-07-12 09:00:00,2026-07-12 09:00:00
00143,user00143@example.com,google-sub-00143,森蒼,男性,40代,建設・不動産,CEO,静岡県,沖縄県,建設・不動産で活動するCEOの森蒼です。会員No.00143として交流を楽しみにしています。,建設・不動産や関連分野で協業できる方,一方的な営業のみの方,"建設,CEO,静岡",https://i.pravatar.cc/150?img=3,https://line.me/,https://instagram.com/,https://x.com/,,TRUE,FALSE,なし,オフライン,2026-05-03 12:00:00,2026-05-02 12:00:00,2026-05-04 01:00:00,2026-05-04 01:00:00
00144,user00144@example.com,google-sub-00144,橋本凛,女性,50代,飲食・サービス,サロンオーナー,新潟県,北海道,飲食・サービスで活動するサロンオーナーの橋本凛です。会員No.00144として交流を楽しみにしています。,飲食・サービスや関連分野で協業できる方,一方的な営業のみの方,"飲食,サロンオーナー,新潟",https://i.pravatar.cc/150?img=4,,,https://x.com/,https://youtube.com/,TRUE,FALSE,なし,オフライン,2026-05-13 07:00:00,2026-04-13 07:00:00,2026-05-15 03:00:00,2026-05-15 03:00:00
00145,user00145@example.com,google-sub-00145,山下太郎,男性,60代,製造業,専務取締役,北海道,神奈川県,製造業で活動する専務取締役の山下太郎です。会員No.00145として交流を楽しみにしています。,製造業や関連分野で協業できる方,一方的な営業のみの方,"製造,専務取締役,北海道",https://i.pravatar.cc/150?img=5,https://line.me/,https://instagram.com/,,,TRUE,FALSE,なし,オフライン,2026-03-14 07:00:00,2026-03-02 07:00:00,2026-03-15 13:00:00,2026-03-15 13:00:00
00146,user00146@example.com,google-sub-00146,石川美咲,女性,20代,IT・通信,工場長,宮城県,愛知県,IT・通信で活動する工場長の石川美咲です。会員No.00146として交流を楽しみにしています。,IT・通信や関連分野で協業できる方,一方的な営業のみの方,"IT,工場長,宮城",https://i.pravatar.cc/150?img=6,https://line.me/,https://instagram.com/,https://x.com/,,TRUE,FALSE,なし,オフライン,2026-05-17 16:00:00,2026-04-23 16:00:00,2026-05-18 16:00:00,2026-05-18 16:00:00
00147,user00147@example.com,google-sub-00147,中島悠人,男性,30代,小売,部長,東京都,兵庫県,小売で活動する部長の中島悠人です。会員No.00147として交流を楽しみにしています。,小売や関連分野で協業できる方,一方的な営業のみの方,"小売,部長,東京",https://i.pravatar.cc/150?img=7,,https://instagram.com/,https://x.com/,,TRUE,FALSE,なし,オンライン,2026-04-24 08:00:00,2026-03-30 08:00:00,2026-04-25 22:00:00,2026-04-25 22:00:00
00148,user00148@example.com,google-sub-00148,前田美穂,女性,40代,教育,個人事業主,神奈川県,佐賀県,教育で活動する個人事業主の前田美穂です。会員No.00148として交流を楽しみにしています。,教育や関連分野で協業できる方,一方的な営業のみの方,"教育,個人事業主,神奈川",https://i.pravatar.cc/150?img=8,https://line.me/,,https://x.com/,,TRUE,FALSE,なし,オフライン,2026-04-30 18:00:00,2026-04-22 18:00:00,2026-05-01 21:00:00,2026-05-01 21:00:00
00149,user00149@example.com,google-sub-00149,藤田陽翔,男性,50代,医療・福祉,フリーランス,埼玉県,新潟県,医療・福祉で活動するフリーランスの藤田陽翔です。会員No.00149として交流を楽しみにしています。,医療・福祉や関連分野で協業できる方,一方的な営業のみの方,"医療,フリーランス,埼玉",https://i.pravatar.cc/150?img=9,https://line.me/,https://instagram.com/,https://x.com/,,TRUE,FALSE,なし,オフライン,2026-06-28 13:00:00,2026-06-18 13:00:00,2026-06-30 07:00:00,2026-06-30 07:00:00
00150,user00150@example.com,google-sub-00150,岡田花,女性,60代,その他,その他,千葉県,東京都,その他で活動するその他の岡田花です。会員No.00150として交流を楽しみにしています。,その他や関連分野で協業できる方,一方的な営業のみの方,"その,その他,千葉",https://i.pravatar.cc/150?img=10,,https://instagram.com/,,https://youtube.com/,FALSE,FALSE,なし,オフライン,2026-03-31 20:00:00,2026-03-05 20:00:00,2026-04-02 01:00:00,2026-03-05 20:00:00
00151,user00151@example.com,google-sub-00151,後藤拓也,男性,20代,サービス業,経営者,愛知県,千葉県,サービス業で活動する経営者の後藤拓也です。会員No.00151として交流を楽しみにしています。,サービス業や関連分野で協業できる方,一方的な営業のみの方,"サー,経営者,愛知",https://i.pravatar.cc/150?img=11,https://line.me/,https://instagram.com/,https://x.com/,,TRUE,FALSE,なし,オフライン,2026-07-07 08:00:00,2026-07-07 08:00:00,2026-07-08 09:00:00,2026-07-08 09:00:00
00152,user00152@example.com,google-sub-00152,長谷川莉子,女性,30代,美容・健康,代表取締役,大阪府,京都府,美容・健康で活動する代表取締役の長谷川莉子です。会員No.00152として交流を楽しみにしています。,美容・健康や関連分野で協業できる方,一方的な営業のみの方,"美容,代表取締役,大阪",https://i.pravatar.cc/150?img=12,https://line.me/,,https://x.com/,,TRUE,FALSE,なし,オフライン,2026-07-08 01:00:00,2026-07-06 01:00:00,2026-07-09 18:00:00,2026-07-09 18:00:00
00153,user00153@example.com,google-sub-00153,石井悠人,男性,40代,建設・不動産,CEO,京都府,福岡県,建設・不動産で活動するCEOの石井悠人です。会員No.00153として交流を楽しみにしています。,建設・不動産や関連分野で協業できる方,一方的な営業のみの方,"建設,CEO,京",https://i.pravatar.cc/150?img=13,,https://instagram.com/,https://x.com/,,TRUE,FALSE,なし,オフライン,2026-06-14 11:00:00,2026-06-09 11:00:00,2026-06-14 14:00:00,2026-06-14 14:00:00
00154,user00154@example.com,google-sub-00154,村上奈々,女性,50代,飲食・サービス,サロンオーナー,兵庫県,静岡県,飲食・サービスで活動するサロンオーナーの村上奈々です。会員No.00154として交流を楽しみにしています。,飲食・サービスや関連分野で協業できる方,一方的な営業のみの方,"飲食,サロンオーナー,兵庫",https://i.pravatar.cc/150?img=14,https://line.me/,https://instagram.com/,https://x.com/,,TRUE,FALSE,なし,オンライン,2026-05-14 15:00:00,2026-05-08 15:00:00,2026-05-15 20:00:00,2026-05-15 20:00:00
00155,user00155@example.com,google-sub-00155,近藤和也,男性,60代,製造業,専務取締役,広島県,宮城県,製造業で活動する専務取締役の近藤和也です。会員No.00155として交流を楽しみにしています。,製造業や関連分野で協業できる方,一方的な営業のみの方,"製造,専務取締役,広島",https://i.pravatar.cc/150?img=15,https://line.me/,https://instagram.com/,,,TRUE,FALSE,なし,オフライン,2026-05-19 13:00:00,2026-05-11 13:00:00,2026-05-21 13:00:00,2026-05-21 13:00:00
00156,user00156@example.com,google-sub-00156,坂本凛,女性,20代,IT・通信,工場長,福岡県,埼玉県,IT・通信で活動する工場長の坂本凛です。会員No.00156として交流を楽しみにしています。,IT・通信や関連分野で協業できる方,一方的な営業のみの方,"IT,工場長,福岡",https://i.pravatar.cc/150?img=16,,,https://x.com/,https://youtube.com/,TRUE,FALSE,なし,オフライン,2026-05-30 23:00:00,2026-05-15 23:00:00,2026-05-31 00:00:00,2026-05-31 00:00:00
00157,user00157@example.com,google-sub-00157,遠藤蒼,男性,30代,小売,部長,佐賀県,大阪府,小売で活動する部長の遠藤蒼です。会員No.00157として交流を楽しみにしています。,小売や関連分野で協業できる方,一方的な営業のみの方,"小売,部長,佐賀",https://i.pravatar.cc/150?img=17,https://line.me/,https://instagram.com/,https://x.com/,,TRUE,FALSE,なし,オフライン,2026-06-25 14:00:00,2026-06-18 14:00:00,2026-06-27 07:00:00,2026-06-27 07:00:00
00158,user00158@example.com,google-sub-00158,青木恵,女性,40代,教育,個人事業主,沖縄県,広島県,教育で活動する個人事業主の青木恵です。会員No.00158として交流を楽しみにしています。,教育や関連分野で協業できる方,一方的な営業のみの方,"教育,個人事業主,沖縄",https://i.pravatar.cc/150?img=18,https://line.me/,https://instagram.com/,https://x.com/,,TRUE,FALSE,なし,オフライン,2026-03-24 05:00:00,2026-03-23 05:00:00,2026-03-26 05:00:00,2026-03-26 05:00:00
00159,user00159@example.com,google-sub-00159,藤井太郎,男性,50代,医療・福祉,フリーランス,静岡県,沖縄県,医療・福祉で活動するフリーランスの藤井太郎です。会員No.00159として交流を楽しみにしています。,医療・福祉や関連分野で協業できる方,一方的な営業のみの方,"医療,フリーランス,静岡",https://i.pravatar.cc/150?img=19,,https://instagram.com/,https://x.com/,,TRUE,FALSE,なし,オフライン,2026-05-31 19:00:00,2026-05-05 19:00:00,2026-05-31 20:00:00,2026-05-31 20:00:00
00160,user00160@example.com,google-sub-00160,西村美羽,女性,60代,その他,その他,新潟県,北海道,その他で活動するその他の西村美羽です。会員No.00160として交流を楽しみにしています。,その他や関連分野で協業できる方,一方的な営業のみの方,"その,その他,新潟",https://i.pravatar.cc/150?img=20,https://line.me/,,,,TRUE,FALSE,なし,オフライン,2026-06-12 18:00:00,2026-06-08 18:00:00,2026-06-14 00:00:00,2026-06-14 00:00:00
00161,user00161@example.com,google-sub-00161,福田翔太,男性,20代,サービス業,経営者,北海道,神奈川県,サービス業で活動する経営者の福田翔太です。会員No.00161として交流を楽しみにしています。,サービス業や関連分野で協業できる方,一方的な営業のみの方,"サー,経営者,北海道",https://i.pravatar.cc/150?img=21,https://line.me/,https://instagram.com/,https://x.com/,,TRUE,FALSE,なし,オンライン,2026-07-07 19:00:00,2026-06-23 19:00:00,2026-07-09 15:00:00,2026-07-09 15:00:00
00162,user00162@example.com,google-sub-00162,太田奈々,女性,30代,美容・健康,代表取締役,宮城県,愛知県,美容・健康で活動する代表取締役の太田奈々です。会員No.00162として交流を楽しみにしています。,美容・健康や関連分野で協業できる方,一方的な営業のみの方,"美容,代表取締役,宮城",https://i.pravatar.cc/150?img=22,,https://instagram.com/,https://x.com/,https://youtube.com/,TRUE,FALSE,なし,オフライン,2026-07-05 14:00:00,2026-06-30 14:00:00,2026-07-07 04:00:00,2026-07-07 04:00:00
00163,user00163@example.com,google-sub-00163,三浦颯太,男性,40代,建設・不動産,CEO,東京都,兵庫県,建設・不動産で活動するCEOの三浦颯太です。会員No.00163として交流を楽しみにしています。,建設・不動産や関連分野で協業できる方,一方的な営業のみの方,"建設,CEO,東京",https://i.pravatar.cc/150?img=23,https://line.me/,https://instagram.com/,https://x.com/,,TRUE,FALSE,なし,オフライン,2026-03-28 22:00:00,2026-03-04 22:00:00,2026-03-29 08:00:00,2026-03-29 08:00:00
00164,user00164@example.com,google-sub-00164,岡本さくら,女性,50代,飲食・サービス,サロンオーナー,神奈川県,佐賀県,飲食・サービスで活動するサロンオーナーの岡本さくらです。会員No.00164として交流を楽しみにしています。,飲食・サービスや関連分野で協業できる方,一方的な営業のみの方,"飲食,サロンオーナー,神奈川",https://i.pravatar.cc/150?img=24,https://line.me/,,https://x.com/,,TRUE,FALSE,なし,オフライン,2026-06-18 07:00:00,2026-06-18 07:00:00,2026-06-19 02:00:00,2026-06-19 02:00:00
00165,user00165@example.com,google-sub-00165,松田陸,男性,60代,製造業,専務取締役,埼玉県,新潟県,製造業で活動する専務取締役の松田陸です。会員No.00165として交流を楽しみにしています。,製造業や関連分野で協業できる方,一方的な営業のみの方,"製造,専務取締役,埼玉",https://i.pravatar.cc/150?img=25,,https://instagram.com/,,,TRUE,FALSE,なし,オフライン,2026-04-06 13:00:00,2026-03-25 13:00:00,2026-04-08 10:00:00,2026-04-08 10:00:00
00166,user00166@example.com,google-sub-00166,中川優子,女性,20代,IT・通信,工場長,千葉県,東京都,IT・通信で活動する工場長の中川優子です。会員No.00166として交流を楽しみにしています。,IT・通信や関連分野で協業できる方,一方的な営業のみの方,"IT,工場長,千葉",https://i.pravatar.cc/150?img=26,https://line.me/,https://instagram.com/,https://x.com/,,TRUE,FALSE,なし,オフライン,2026-06-22 07:00:00,2026-05-31 07:00:00,2026-06-23 23:00:00,2026-06-23 23:00:00
00167,user00167@example.com,google-sub-00167,中野剛,男性,30代,小売,部長,愛知県,千葉県,小売で活動する部長の中野剛です。会員No.00167として交流を楽しみにしています。,小売や関連分野で協業できる方,一方的な営業のみの方,"小売,部長,愛知",https://i.pravatar.cc/150?img=27,https://line.me/,https://instagram.com/,https://x.com/,,TRUE,FALSE,なし,オフライン,2026-06-18 16:00:00,2026-05-22 16:00:00,2026-06-20 11:00:00,2026-06-20 11:00:00
00168,user00168@example.com,google-sub-00168,原田美羽,女性,40代,教育,個人事業主,大阪府,京都府,教育で活動する個人事業主の原田美羽です。会員No.00168として交流を楽しみにしています。,教育や関連分野で協業できる方,一方的な営業のみの方,"教育,個人事業主,大阪",https://i.pravatar.cc/150?img=28,,,https://x.com/,https://youtube.com/,TRUE,FALSE,なし,オンライン,2026-03-20 22:00:00,2026-02-23 22:00:00,2026-03-22 10:00:00,2026-03-22 10:00:00
00169,user00169@example.com,google-sub-00169,小野健太,男性,50代,医療・福祉,フリーランス,京都府,福岡県,医療・福祉で活動するフリーランスの小野健太です。会員No.00169として交流を楽しみにしています。,医療・福祉や関連分野で協業できる方,一方的な営業のみの方,"医療,フリーランス,京",https://i.pravatar.cc/150?img=29,https://line.me/,https://instagram.com/,https://x.com/,,TRUE,FALSE,なし,オフライン,2026-05-18 08:00:00,2026-05-05 08:00:00,2026-05-20 02:00:00,2026-05-20 02:00:00
00170,user00170@example.com,google-sub-00170,田村美月,女性,60代,その他,その他,兵庫県,静岡県,その他で活動するその他の田村美月です。会員No.00170として交流を楽しみにしています。,その他や関連分野で協業できる方,一方的な営業のみの方,"その,その他,兵庫",https://i.pravatar.cc/150?img=30,https://line.me/,https://instagram.com/,,,TRUE,FALSE,なし,オフライン,2026-06-23 09:00:00,2026-06-03 09:00:00,2026-06-24 06:00:00,2026-06-24 06:00:00
00171,user00171@example.com,google-sub-00171,竹内太郎,男性,20代,サービス業,経営者,広島県,宮城県,サービス業で活動する経営者の竹内太郎です。会員No.00171として交流を楽しみにしています。,サービス業や関連分野で協業できる方,一方的な営業のみの方,"サー,経営者,広島",https://i.pravatar.cc/150?img=31,,https://instagram.com/,https://x.com/,,TRUE,FALSE,なし,オフライン,2026-07-05 12:00:00,2026-06-09 12:00:00,2026-07-06 19:00:00,2026-07-06 19:00:00
00172,user00172@example.com,google-sub-00172,金子彩,女性,30代,美容・健康,代表取締役,福岡県,埼玉県,美容・健康で活動する代表取締役の金子彩です。会員No.00172として交流を楽しみにしています。,美容・健康や関連分野で協業できる方,一方的な営業のみの方,"美容,代表取締役,福岡",https://i.pravatar.cc/150?img=32,https://line.me/,,https://x.com/,,TRUE,FALSE,なし,オフライン,2026-07-08 14:00:00,2026-06-18 14:00:00,2026-07-09 19:00:00,2026-07-09 19:00:00
00173,user00173@example.com,google-sub-00173,和田拓也,男性,40代,建設・不動産,CEO,佐賀県,大阪府,建設・不動産で活動するCEOの和田拓也です。会員No.00173として交流を楽しみにしています。,建設・不動産や関連分野で協業できる方,一方的な営業のみの方,"建設,CEO,佐賀",https://i.pravatar.cc/150?img=33,https://line.me/,https://instagram.com/,https://x.com/,,TRUE,FALSE,なし,オフライン,2026-05-07 20:00:00,2026-04-14 20:00:00,2026-05-09 05:00:00,2026-05-09 05:00:00
00174,user00174@example.com,google-sub-00174,中山奈々,女性,50代,飲食・サービス,サロンオーナー,沖縄県,広島県,飲食・サービスで活動するサロンオーナーの中山奈々です。会員No.00174として交流を楽しみにしています。,飲食・サービスや関連分野で協業できる方,一方的な営業のみの方,"飲食,サロンオーナー,沖縄",https://i.pravatar.cc/150?img=34,,https://instagram.com/,https://x.com/,https://youtube.com/,TRUE,FALSE,なし,オフライン,2026-04-14 08:00:00,2026-03-21 08:00:00,2026-04-15 14:00:00,2026-04-15 14:00:00
00175,user00175@example.com,google-sub-00175,石田蓮,男性,60代,製造業,専務取締役,静岡県,沖縄県,製造業で活動する専務取締役の石田蓮です。会員No.00175として交流を楽しみにしています。,製造業や関連分野で協業できる方,一方的な営業のみの方,"製造,専務取締役,静岡",https://i.pravatar.cc/150?img=35,https://line.me/,https://instagram.com/,,,TRUE,FALSE,なし,オンライン,2026-05-07 07:00:00,2026-04-29 07:00:00,2026-05-08 03:00:00,2026-05-08 03:00:00
00176,user00176@example.com,google-sub-00176,上田美穂,女性,20代,IT・通信,工場長,新潟県,北海道,IT・通信で活動する工場長の上田美穂です。会員No.00176として交流を楽しみにしています。,IT・通信や関連分野で協業できる方,一方的な営業のみの方,"IT,工場長,新潟",https://i.pravatar.cc/150?img=36,https://line.me/,,https://x.com/,,TRUE,FALSE,なし,オフライン,2026-03-17 23:00:00,2026-03-09 23:00:00,2026-03-19 03:00:00,2026-03-19 03:00:00
00177,user00177@example.com,google-sub-00177,森田剛,男性,30代,小売,部長,北海道,神奈川県,小売で活動する部長の森田剛です。会員No.00177として交流を楽しみにしています。,小売や関連分野で協業できる方,一方的な営業のみの方,"小売,部長,北海道",https://i.pravatar.cc/150?img=37,,https://instagram.com/,https://x.com/,,TRUE,FALSE,なし,オフライン,2026-03-27 11:00:00,2026-03-09 11:00:00,2026-03-29 02:00:00,2026-03-29 02:00:00
00178,user00178@example.com,google-sub-00178,原花,女性,40代,教育,個人事業主,宮城県,愛知県,教育で活動する個人事業主の原花です。会員No.00178として交流を楽しみにしています。,教育や関連分野で協業できる方,一方的な営業のみの方,"教育,個人事業主,宮城",https://i.pravatar.cc/150?img=38,https://line.me/,https://instagram.com/,https://x.com/,,TRUE,FALSE,なし,オフライン,2026-05-20 01:00:00,2026-05-05 01:00:00,2026-05-20 21:00:00,2026-05-20 21:00:00
00179,user00179@example.com,google-sub-00179,柴田直樹,男性,50代,医療・福祉,フリーランス,東京都,兵庫県,医療・福祉で活動するフリーランスの柴田直樹です。会員No.00179として交流を楽しみにしています。,医療・福祉や関連分野で協業できる方,一方的な営業のみの方,"医療,フリーランス,東京",https://i.pravatar.cc/150?img=39,https://line.me/,https://instagram.com/,https://x.com/,,TRUE,FALSE,なし,オフライン,2026-04-30 19:00:00,2026-04-19 19:00:00,2026-05-01 11:00:00,2026-05-01 11:00:00
00180,user00180@example.com,google-sub-00180,酒井結衣,女性,60代,その他,その他,神奈川県,佐賀県,その他で活動するその他の酒井結衣です。会員No.00180として交流を楽しみにしています。,その他や関連分野で協業できる方,一方的な営業のみの方,"その,その他,神奈川",https://i.pravatar.cc/150?img=40,,,,https://youtube.com/,FALSE,FALSE,なし,オフライン,2026-05-27 06:00:00,2026-05-05 06:00:00,2026-05-27 23:00:00,2026-05-05 06:00:00
00181,user00181@example.com,google-sub-00181,佐藤蒼,男性,20代,サービス業,経営者,埼玉県,新潟県,サービス業で活動する経営者の佐藤蒼です。会員No.00181として交流を楽しみにしています。,サービス業や関連分野で協業できる方,一方的な営業のみの方,"サー,経営者,埼玉",https://i.pravatar.cc/150?img=41,https://line.me/,https://instagram.com/,https://x.com/,,TRUE,FALSE,なし,オフライン,2026-07-11 09:00:00,2026-06-11 09:00:00,2026-07-11 21:00:00,2026-07-11 21:00:00
00182,user00182@example.com,google-sub-00182,鈴木恵,女性,30代,美容・健康,代表取締役,千葉県,東京都,美容・健康で活動する代表取締役の鈴木恵です。会員No.00182として交流を楽しみにしています。,美容・健康や関連分野で協業できる方,一方的な営業のみの方,"美容,代表取締役,千葉",https://i.pravatar.cc/150?img=42,https://line.me/,https://instagram.com/,https://x.com/,,TRUE,FALSE,なし,オンライン,2026-07-10 12:00:00,2026-06-25 12:00:00,2026-07-11 23:00:00,2026-07-11 23:00:00
00183,user00183@example.com,google-sub-00183,高橋剛,男性,40代,建設・不動産,CEO,愛知県,千葉県,建設・不動産で活動するCEOの高橋剛です。会員No.00183として交流を楽しみにしています。,建設・不動産や関連分野で協業できる方,一方的な営業のみの方,"建設,CEO,愛知",https://i.pravatar.cc/150?img=43,,https://instagram.com/,https://x.com/,,TRUE,FALSE,なし,オフライン,2026-04-04 10:00:00,2026-03-15 10:00:00,2026-04-06 07:00:00,2026-04-06 07:00:00
00184,user00184@example.com,google-sub-00184,田中心,女性,50代,飲食・サービス,サロンオーナー,大阪府,京都府,飲食・サービスで活動するサロンオーナーの田中心です。会員No.00184として交流を楽しみにしています。,飲食・サービスや関連分野で協業できる方,一方的な営業のみの方,"飲食,サロンオーナー,大阪",https://i.pravatar.cc/150?img=44,https://line.me/,,https://x.com/,,TRUE,FALSE,なし,オフライン,2026-05-06 01:00:00,2026-05-04 01:00:00,2026-05-06 19:00:00,2026-05-06 19:00:00
00185,user00185@example.com,google-sub-00185,伊藤剛,男性,60代,製造業,専務取締役,京都府,福岡県,製造業で活動する専務取締役の伊藤剛です。会員No.00185として交流を楽しみにしています。,製造業や関連分野で協業できる方,一方的な営業のみの方,"製造,専務取締役,京",https://i.pravatar.cc/150?img=45,https://line.me/,https://instagram.com/,,,TRUE,FALSE,なし,オフライン,2026-05-11 18:00:00,2026-05-02 18:00:00,2026-05-13 12:00:00,2026-05-13 12:00:00
00186,user00186@example.com,google-sub-00186,渡辺莉子,女性,20代,IT・通信,工場長,兵庫県,静岡県,IT・通信で活動する工場長の渡辺莉子です。会員No.00186として交流を楽しみにしています。,IT・通信や関連分野で協業できる方,一方的な営業のみの方,"IT,工場長,兵庫",https://i.pravatar.cc/150?img=46,,https://instagram.com/,https://x.com/,https://youtube.com/,TRUE,FALSE,なし,オフライン,2026-05-15 10:00:00,2026-04-28 10:00:00,2026-05-16 19:00:00,2026-05-16 19:00:00
00187,user00187@example.com,google-sub-00187,山本達也,男性,30代,小売,部長,広島県,宮城県,小売で活動する部長の山本達也です。会員No.00187として交流を楽しみにしています。,小売や関連分野で協業できる方,一方的な営業のみの方,"小売,部長,広島",https://i.pravatar.cc/150?img=47,https://line.me/,https://instagram.com/,https://x.com/,,TRUE,FALSE,なし,オフライン,2026-05-08 08:00:00,2026-04-28 08:00:00,2026-05-09 06:00:00,2026-05-09 06:00:00
00188,user00188@example.com,google-sub-00188,中村葵,女性,40代,教育,個人事業主,福岡県,埼玉県,教育で活動する個人事業主の中村葵です。会員No.00188として交流を楽しみにしています。,教育や関連分野で協業できる方,一方的な営業のみの方,"教育,個人事業主,福岡",https://i.pravatar.cc/150?img=48,https://line.me/,,https://x.com/,,TRUE,FALSE,なし,オフライン,2026-05-28 16:00:00,2026-05-20 16:00:00,2026-05-29 06:00:00,2026-05-29 06:00:00
00189,user00189@example.com,google-sub-00189,小林翔太,男性,50代,医療・福祉,フリーランス,佐賀県,大阪府,医療・福祉で活動するフリーランスの小林翔太です。会員No.00189として交流を楽しみにしています。,医療・福祉や関連分野で協業できる方,一方的な営業のみの方,"医療,フリーランス,佐賀",https://i.pravatar.cc/150?img=49,,https://instagram.com/,https://x.com/,,TRUE,FALSE,なし,オンライン,2026-03-31 19:00:00,2026-03-21 19:00:00,2026-04-01 02:00:00,2026-04-01 02:00:00
00190,user00190@example.com,google-sub-00190,加藤陽菜,女性,60代,その他,その他,沖縄県,広島県,その他で活動するその他の加藤陽菜です。会員No.00190として交流を楽しみにしています。,その他や関連分野で協業できる方,一方的な営業のみの方,"その,その他,沖縄",https://i.pravatar.cc/150?img=50,https://line.me/,https://instagram.com/,,,TRUE,FALSE,なし,オフライン,2026-03-26 20:00:00,2026-03-20 20:00:00,2026-03-27 09:00:00,2026-03-27 09:00:00
00191,user00191@example.com,google-sub-00191,吉田陽翔,男性,20代,サービス業,経営者,静岡県,沖縄県,サービス業で活動する経営者の吉田陽翔です。会員No.00191として交流を楽しみにしています。,サービス業や関連分野で協業できる方,一方的な営業のみの方,"サー,経営者,静岡",https://i.pravatar.cc/150?img=51,https://line.me/,https://instagram.com/,https://x.com/,,TRUE,FALSE,なし,オフライン,2026-07-09 07:00:00,2026-06-15 07:00:00,2026-07-10 16:00:00,2026-07-10 16:00:00
00192,user00192@example.com,google-sub-00192,山田美羽,女性,30代,美容・健康,代表取締役,新潟県,北海道,美容・健康で活動する代表取締役の山田美羽です。会員No.00192として交流を楽しみにしています。,美容・健康や関連分野で協業できる方,一方的な営業のみの方,"美容,代表取締役,新潟",https://i.pravatar.cc/150?img=52,,,https://x.com/,https://youtube.com/,TRUE,FALSE,なし,オフライン,2026-07-09 22:00:00,2026-06-13 22:00:00,2026-07-10 10:00:00,2026-07-10 10:00:00
00193,user00193@example.com,google-sub-00193,佐々木裕介,男性,40代,建設・不動産,CEO,北海道,神奈川県,建設・不動産で活動するCEOの佐々木裕介です。会員No.00193として交流を楽しみにしています。,建設・不動産や関連分野で協業できる方,一方的な営業のみの方,"建設,CEO,北海道",https://i.pravatar.cc/150?img=53,https://line.me/,https://instagram.com/,https://x.com/,,TRUE,FALSE,なし,オフライン,2026-06-02 14:00:00,2026-05-28 14:00:00,2026-06-03 09:00:00,2026-06-03 09:00:00
00194,user00194@example.com,google-sub-00194,山口美咲,女性,50代,飲食・サービス,サロンオーナー,宮城県,愛知県,飲食・サービスで活動するサロンオーナーの山口美咲です。会員No.00194として交流を楽しみにしています。,飲食・サービスや関連分野で協業できる方,一方的な営業のみの方,"飲食,サロンオーナー,宮城",https://i.pravatar.cc/150?img=54,https://line.me/,https://instagram.com/,https://x.com/,,TRUE,FALSE,なし,オフライン,2026-04-02 08:00:00,2026-03-29 08:00:00,2026-04-03 01:00:00,2026-04-03 01:00:00
00195,user00195@example.com,google-sub-00195,松本健太,男性,60代,製造業,専務取締役,東京都,兵庫県,製造業で活動する専務取締役の松本健太です。会員No.00195として交流を楽しみにしています。,製造業や関連分野で協業できる方,一方的な営業のみの方,"製造,専務取締役,東京",https://i.pravatar.cc/150?img=55,,https://instagram.com/,,,TRUE,FALSE,なし,オフライン,2026-06-25 08:00:00,2026-06-16 08:00:00,2026-06-27 04:00:00,2026-06-27 04:00:00
00196,user00196@example.com,google-sub-00196,井上真由,女性,20代,IT・通信,工場長,神奈川県,佐賀県,IT・通信で活動する工場長の井上真由です。会員No.00196として交流を楽しみにしています。,IT・通信や関連分野で協業できる方,一方的な営業のみの方,"IT,工場長,神奈川",https://i.pravatar.cc/150?img=56,https://line.me/,,https://x.com/,,TRUE,FALSE,なし,オンライン,2026-04-11 10:00:00,2026-04-08 10:00:00,2026-04-11 10:00:00,2026-04-11 10:00:00
00197,user00197@example.com,google-sub-00197,木村陸,男性,30代,小売,部長,埼玉県,新潟県,小売で活動する部長の木村陸です。会員No.00197として交流を楽しみにしています。,小売や関連分野で協業できる方,一方的な営業のみの方,"小売,部長,埼玉",https://i.pravatar.cc/150?img=57,https://line.me/,https://instagram.com/,https://x.com/,,TRUE,FALSE,なし,オフライン,2026-05-26 10:00:00,2026-05-11 10:00:00,2026-05-27 14:00:00,2026-05-27 14:00:00
00198,user00198@example.com,google-sub-00198,林結衣,女性,40代,教育,個人事業主,千葉県,東京都,教育で活動する個人事業主の林結衣です。会員No.00198として交流を楽しみにしています。,教育や関連分野で協業できる方,一方的な営業のみの方,"教育,個人事業主,千葉",https://i.pravatar.cc/150?img=58,,https://instagram.com/,https://x.com/,https://youtube.com/,TRUE,FALSE,なし,オフライン,2026-06-09 00:00:00,2026-06-01 00:00:00,2026-06-10 06:00:00,2026-06-10 06:00:00
00199,user00199@example.com,google-sub-00199,斎藤翔太,男性,50代,医療・福祉,フリーランス,愛知県,千葉県,医療・福祉で活動するフリーランスの斎藤翔太です。会員No.00199として交流を楽しみにしています。,医療・福祉や関連分野で協業できる方,一方的な営業のみの方,"医療,フリーランス,愛知",https://i.pravatar.cc/150?img=59,https://line.me/,https://instagram.com/,https://x.com/,,TRUE,FALSE,なし,オフライン,2026-03-18 23:00:00,2026-03-06 23:00:00,2026-03-20 06:00:00,2026-03-20 06:00:00
00200,user00200@example.com,google-sub-00200,清水恵,女性,60代,その他,その他,大阪府,京都府,その他で活動するその他の清水恵です。会員No.00200として交流を楽しみにしています。,その他や関連分野で協業できる方,一方的な営業のみの方,"その,その他,大阪",https://i.pravatar.cc/150?img=60,https://line.me/,,,,TRUE,FALSE,なし,オフライン,2026-04-19 05:00:00,2026-03-29 05:00:00,2026-04-19 08:00:00,2026-04-19 08:00:00
00201,user00201@example.com,google-sub-00201,阿部拓也,男性,20代,サービス業,経営者,京都府,福岡県,サービス業で活動する経営者の阿部拓也です。会員No.00201として交流を楽しみにしています。,サービス業や関連分野で協業できる方,一方的な営業のみの方,"サー,経営者,京",https://i.pravatar.cc/150?img=61,,https://instagram.com/,https://x.com/,,TRUE,FALSE,なし,オフライン,2026-07-10 07:00:00,2026-06-10 07:00:00,2026-07-11 02:00:00,2026-07-11 02:00:00
00202,user00202@example.com,google-sub-00202,池田恵,女性,30代,美容・健康,代表取締役,兵庫県,静岡県,美容・健康で活動する代表取締役の池田恵です。会員No.00202として交流を楽しみにしています。,美容・健康や関連分野で協業できる方,一方的な営業のみの方,"美容,代表取締役,兵庫",https://i.pravatar.cc/150?img=62,https://line.me/,https://instagram.com/,https://x.com/,,TRUE,FALSE,なし,オフライン,2026-07-10 22:00:00,2026-06-23 22:00:00,2026-07-12 22:00:00,2026-07-12 22:00:00
00203,user00203@example.com,google-sub-00203,森悠人,男性,40代,建設・不動産,CEO,広島県,宮城県,建設・不動産で活動するCEOの森悠人です。会員No.00203として交流を楽しみにしています。,建設・不動産や関連分野で協業できる方,一方的な営業のみの方,"建設,CEO,広島",https://i.pravatar.cc/150?img=63,https://line.me/,https://instagram.com/,https://x.com/,,TRUE,FALSE,なし,オンライン,2026-04-15 06:00:00,2026-03-21 06:00:00,2026-04-16 21:00:00,2026-04-16 21:00:00
00204,user00204@example.com,google-sub-00204,橋本美穂,女性,50代,飲食・サービス,サロンオーナー,福岡県,埼玉県,飲食・サービスで活動するサロンオーナーの橋本美穂です。会員No.00204として交流を楽しみにしています。,飲食・サービスや関連分野で協業できる方,一方的な営業のみの方,"飲食,サロンオーナー,福岡",https://i.pravatar.cc/150?img=64,,,https://x.com/,https://youtube.com/,TRUE,FALSE,なし,オフライン,2026-03-24 09:00:00,2026-03-12 09:00:00,2026-03-25 13:00:00,2026-03-25 13:00:00
00205,user00205@example.com,google-sub-00205,山下蓮,男性,60代,製造業,専務取締役,佐賀県,大阪府,製造業で活動する専務取締役の山下蓮です。会員No.00205として交流を楽しみにしています。,製造業や関連分野で協業できる方,一方的な営業のみの方,"製造,専務取締役,佐賀",https://i.pravatar.cc/150?img=65,https://line.me/,https://instagram.com/,,,TRUE,FALSE,なし,オフライン,2026-05-24 07:00:00,2026-05-11 07:00:00,2026-05-25 02:00:00,2026-05-25 02:00:00
00206,user00206@example.com,google-sub-00206,石川莉子,女性,20代,IT・通信,工場長,沖縄県,広島県,IT・通信で活動する工場長の石川莉子です。会員No.00206として交流を楽しみにしています。,IT・通信や関連分野で協業できる方,一方的な営業のみの方,"IT,工場長,沖縄",https://i.pravatar.cc/150?img=66,https://line.me/,https://instagram.com/,https://x.com/,,TRUE,FALSE,なし,オフライン,2026-04-14 00:00:00,2026-03-26 00:00:00,2026-04-15 23:00:00,2026-04-15 23:00:00
00207,user00207@example.com,google-sub-00207,中島翔太,男性,30代,小売,部長,静岡県,沖縄県,小売で活動する部長の中島翔太です。会員No.00207として交流を楽しみにしています。,小売や関連分野で協業できる方,一方的な営業のみの方,"小売,部長,静岡",https://i.pravatar.cc/150?img=67,,https://instagram.com/,https://x.com/,,TRUE,FALSE,なし,オフライン,2026-03-26 19:00:00,2026-03-06 19:00:00,2026-03-27 08:00:00,2026-03-27 08:00:00
00208,user00208@example.com,google-sub-00208,前田奈々,女性,40代,教育,個人事業主,新潟県,北海道,教育で活動する個人事業主の前田奈々です。会員No.00208として交流を楽しみにしています。,教育や関連分野で協業できる方,一方的な営業のみの方,"教育,個人事業主,新潟",https://i.pravatar.cc/150?img=68,https://line.me/,,https://x.com/,,TRUE,FALSE,なし,オフライン,2026-04-08 23:00:00,2026-04-03 23:00:00,2026-04-09 14:00:00,2026-04-09 14:00:00
00209,user00209@example.com,google-sub-00209,藤田直樹,男性,50代,医療・福祉,フリーランス,北海道,神奈川県,医療・福祉で活動するフリーランスの藤田直樹です。会員No.00209として交流を楽しみにしています。,医療・福祉や関連分野で協業できる方,一方的な営業のみの方,"医療,フリーランス,北海道",https://i.pravatar.cc/150?img=69,https://line.me/,https://instagram.com/,https://x.com/,,TRUE,FALSE,なし,オフライン,2026-04-22 23:00:00,2026-04-17 23:00:00,2026-04-22 23:00:00,2026-04-22 23:00:00
00210,user00210@example.com,google-sub-00210,岡田凛,女性,60代,その他,その他,宮城県,愛知県,その他で活動するその他の岡田凛です。会員No.00210として交流を楽しみにしています。,その他や関連分野で協業できる方,一方的な営業のみの方,"その,その他,宮城",https://i.pravatar.cc/150?img=70,,https://instagram.com/,,https://youtube.com/,FALSE,FALSE,なし,オフライン,2026-05-05 06:00:00,2026-04-20 06:00:00,2026-05-06 00:00:00,2026-04-20 06:00:00
00211,user00211@example.com,google-sub-00211,後藤健太,男性,20代,サービス業,経営者,東京都,兵庫県,サービス業で活動する経営者の後藤健太です。会員No.00211として交流を楽しみにしています。,サービス業や関連分野で協業できる方,一方的な営業のみの方,"サー,経営者,東京",https://i.pravatar.cc/150?img=1,https://line.me/,https://instagram.com/,https://x.com/,,TRUE,FALSE,なし,オフライン,2026-07-10 16:00:00,2026-06-18 16:00:00,2026-07-11 10:00:00,2026-07-11 10:00:00
00212,user00212@example.com,google-sub-00212,長谷川葵,女性,30代,美容・健康,代表取締役,神奈川県,佐賀県,美容・健康で活動する代表取締役の長谷川葵です。会員No.00212として交流を楽しみにしています。,美容・健康や関連分野で協業できる方,一方的な営業のみの方,"美容,代表取締役,神奈川",https://i.pravatar.cc/150?img=2,https://line.me/,,https://x.com/,,TRUE,FALSE,なし,オフライン,2026-07-11 18:00:00,2026-06-12 18:00:00,2026-07-12 10:00:00,2026-07-12 10:00:00
00213,user00213@example.com,google-sub-00213,石井陸,男性,40代,建設・不動産,CEO,埼玉県,新潟県,建設・不動産で活動するCEOの石井陸です。会員No.00213として交流を楽しみにしています。,建設・不動産や関連分野で協業できる方,一方的な営業のみの方,"建設,CEO,埼玉",https://i.pravatar.cc/150?img=3,,https://instagram.com/,https://x.com/,,TRUE,FALSE,なし,オフライン,2026-04-08 19:00:00,2026-03-26 19:00:00,2026-04-09 02:00:00,2026-04-09 02:00:00
00214,user00214@example.com,google-sub-00214,村上陽菜,女性,50代,飲食・サービス,サロンオーナー,千葉県,東京都,飲食・サービスで活動するサロンオーナーの村上陽菜です。会員No.00214として交流を楽しみにしています。,飲食・サービスや関連分野で協業できる方,一方的な営業のみの方,"飲食,サロンオーナー,千葉",https://i.pravatar.cc/150?img=4,https://line.me/,https://instagram.com/,https://x.com/,,TRUE,FALSE,なし,オフライン,2026-06-03 05:00:00,2026-05-30 05:00:00,2026-06-03 22:00:00,2026-06-03 22:00:00
00215,user00215@example.com,google-sub-00215,近藤拓也,男性,60代,製造業,専務取締役,愛知県,千葉県,製造業で活動する専務取締役の近藤拓也です。会員No.00215として交流を楽しみにしています。,製造業や関連分野で協業できる方,一方的な営業のみの方,"製造,専務取締役,愛知",https://i.pravatar.cc/150?img=5,https://line.me/,https://instagram.com/,,,TRUE,FALSE,なし,オフライン,2026-06-23 00:00:00,2026-06-18 00:00:00,2026-06-23 19:00:00,2026-06-23 19:00:00
00216,user00216@example.com,google-sub-00216,坂本美羽,女性,20代,IT・通信,工場長,大阪府,京都府,IT・通信で活動する工場長の坂本美羽です。会員No.00216として交流を楽しみにしています。,IT・通信や関連分野で協業できる方,一方的な営業のみの方,"IT,工場長,大阪",https://i.pravatar.cc/150?img=6,,,https://x.com/,https://youtube.com/,TRUE,FALSE,なし,オフライン,2026-03-28 07:00:00,2026-02-27 07:00:00,2026-03-29 01:00:00,2026-03-29 01:00:00
00217,user00217@example.com,google-sub-00217,遠藤蓮,男性,30代,小売,部長,京都府,福岡県,小売で活動する部長の遠藤蓮です。会員No.00217として交流を楽しみにしています。,小売や関連分野で協業できる方,一方的な営業のみの方,"小売,部長,京",https://i.pravatar.cc/150?img=7,https://line.me/,https://instagram.com/,https://x.com/,,TRUE,FALSE,なし,オンライン,2026-06-16 11:00:00,2026-05-25 11:00:00,2026-06-17 06:00:00,2026-06-17 06:00:00
00218,user00218@example.com,google-sub-00218,青木花,女性,40代,教育,個人事業主,兵庫県,静岡県,教育で活動する個人事業主の青木花です。会員No.00218として交流を楽しみにしています。,教育や関連分野で協業できる方,一方的な営業のみの方,"教育,個人事業主,兵庫",https://i.pravatar.cc/150?img=8,https://line.me/,https://instagram.com/,https://x.com/,,TRUE,FALSE,なし,オフライン,2026-05-28 09:00:00,2026-05-11 09:00:00,2026-05-29 16:00:00,2026-05-29 16:00:00
00219,user00219@example.com,google-sub-00219,藤井蓮,男性,50代,医療・福祉,フリーランス,広島県,宮城県,医療・福祉で活動するフリーランスの藤井蓮です。会員No.00219として交流を楽しみにしています。,医療・福祉や関連分野で協業できる方,一方的な営業のみの方,"医療,フリーランス,広島",https://i.pravatar.cc/150?img=9,,https://instagram.com/,https://x.com/,,TRUE,FALSE,なし,オフライン,2026-06-21 06:00:00,2026-06-20 06:00:00,2026-06-22 09:00:00,2026-06-22 09:00:00
00220,user00220@example.com,google-sub-00220,西村結衣,女性,60代,その他,その他,福岡県,埼玉県,その他で活動するその他の西村結衣です。会員No.00220として交流を楽しみにしています。,その他や関連分野で協業できる方,一方的な営業のみの方,"その,その他,福岡",https://i.pravatar.cc/150?img=10,https://line.me/,,,,TRUE,FALSE,なし,オフライン,2026-04-15 17:00:00,2026-04-15 17:00:00,2026-04-15 22:00:00,2026-04-15 22:00:00
00221,user00221@example.com,google-sub-00221,福田剛,男性,20代,サービス業,経営者,佐賀県,大阪府,サービス業で活動する経営者の福田剛です。会員No.00221として交流を楽しみにしています。,サービス業や関連分野で協業できる方,一方的な営業のみの方,"サー,経営者,佐賀",https://i.pravatar.cc/150?img=11,https://line.me/,https://instagram.com/,https://x.com/,,TRUE,FALSE,なし,オフライン,2026-07-06 07:00:00,2026-06-18 07:00:00,2026-07-06 08:00:00,2026-07-06 08:00:00
00222,user00222@example.com,google-sub-00222,太田奈々,女性,30代,美容・健康,代表取締役,沖縄県,広島県,美容・健康で活動する代表取締役の太田奈々です。会員No.00222として交流を楽しみにしています。,美容・健康や関連分野で協業できる方,一方的な営業のみの方,"美容,代表取締役,沖縄",https://i.pravatar.cc/150?img=12,,https://instagram.com/,https://x.com/,https://youtube.com/,TRUE,FALSE,なし,オフライン,2026-07-08 00:00:00,2026-06-14 00:00:00,2026-07-10 00:00:00,2026-07-10 00:00:00
00223,user00223@example.com,google-sub-00223,三浦直樹,男性,40代,建設・不動産,CEO,静岡県,沖縄県,建設・不動産で活動するCEOの三浦直樹です。会員No.00223として交流を楽しみにしています。,建設・不動産や関連分野で協業できる方,一方的な営業のみの方,"建設,CEO,静岡",https://i.pravatar.cc/150?img=13,https://line.me/,https://instagram.com/,https://x.com/,,TRUE,FALSE,なし,オフライン,2026-05-02 09:00:00,2026-04-12 09:00:00,2026-05-03 13:00:00,2026-05-03 13:00:00
00224,user00224@example.com,google-sub-00224,岡本奈々,女性,50代,飲食・サービス,サロンオーナー,新潟県,北海道,飲食・サービスで活動するサロンオーナーの岡本奈々です。会員No.00224として交流を楽しみにしています。,飲食・サービスや関連分野で協業できる方,一方的な営業のみの方,"飲食,サロンオーナー,新潟",https://i.pravatar.cc/150?img=14,https://line.me/,,https://x.com/,,TRUE,FALSE,なし,オンライン,2026-06-08 07:00:00,2026-05-26 07:00:00,2026-06-09 23:00:00,2026-06-09 23:00:00
00225,user00225@example.com,google-sub-00225,松田陽翔,男性,60代,製造業,専務取締役,北海道,神奈川県,製造業で活動する専務取締役の松田陽翔です。会員No.00225として交流を楽しみにしています。,製造業や関連分野で協業できる方,一方的な営業のみの方,"製造,専務取締役,北海道",https://i.pravatar.cc/150?img=15,,https://instagram.com/,,,TRUE,FALSE,なし,オフライン,2026-06-20 10:00:00,2026-06-09 10:00:00,2026-06-21 12:00:00,2026-06-21 12:00:00
00226,user00226@example.com,google-sub-00226,中川結衣,女性,20代,IT・通信,工場長,宮城県,愛知県,IT・通信で活動する工場長の中川結衣です。会員No.00226として交流を楽しみにしています。,IT・通信や関連分野で協業できる方,一方的な営業のみの方,"IT,工場長,宮城",https://i.pravatar.cc/150?img=16,https://line.me/,https://instagram.com/,https://x.com/,,TRUE,FALSE,なし,オフライン,2026-05-21 22:00:00,2026-04-24 22:00:00,2026-05-22 08:00:00,2026-05-22 08:00:00
00227,user00227@example.com,google-sub-00227,中野和也,男性,30代,小売,部長,東京都,兵庫県,小売で活動する部長の中野和也です。会員No.00227として交流を楽しみにしています。,小売や関連分野で協業できる方,一方的な営業のみの方,"小売,部長,東京",https://i.pravatar.cc/150?img=17,https://line.me/,https://instagram.com/,https://x.com/,,TRUE,FALSE,なし,オフライン,2026-05-10 10:00:00,2026-05-01 10:00:00,2026-05-12 04:00:00,2026-05-12 04:00:00
00228,user00228@example.com,google-sub-00228,原田花,女性,40代,教育,個人事業主,神奈川県,佐賀県,教育で活動する個人事業主の原田花です。会員No.00228として交流を楽しみにしています。,教育や関連分野で協業できる方,一方的な営業のみの方,"教育,個人事業主,神奈川",https://i.pravatar.cc/150?img=18,,,https://x.com/,https://youtube.com/,TRUE,FALSE,なし,オフライン,2026-03-19 08:00:00,2026-03-18 08:00:00,2026-03-20 13:00:00,2026-03-20 13:00:00
00229,user00229@example.com,google-sub-00229,小野大輔,男性,50代,医療・福祉,フリーランス,埼玉県,新潟県,医療・福祉で活動するフリーランスの小野大輔です。会員No.00229として交流を楽しみにしています。,医療・福祉や関連分野で協業できる方,一方的な営業のみの方,"医療,フリーランス,埼玉",https://i.pravatar.cc/150?img=19,https://line.me/,https://instagram.com/,https://x.com/,,TRUE,FALSE,なし,オフライン,2026-05-22 17:00:00,2026-05-12 17:00:00,2026-05-23 00:00:00,2026-05-23 00:00:00
00230,user00230@example.com,google-sub-00230,田村花,女性,60代,その他,その他,千葉県,東京都,その他で活動するその他の田村花です。会員No.00230として交流を楽しみにしています。,その他や関連分野で協業できる方,一方的な営業のみの方,"その,その他,千葉",https://i.pravatar.cc/150?img=20,https://line.me/,https://instagram.com/,,,TRUE,FALSE,なし,オフライン,2026-03-13 09:00:00,2026-02-15 09:00:00,2026-03-13 09:00:00,2026-03-13 09:00:00
00231,user00231@example.com,google-sub-00231,竹内蒼,男性,20代,サービス業,経営者,愛知県,千葉県,サービス業で活動する経営者の竹内蒼です。会員No.00231として交流を楽しみにしています。,サービス業や関連分野で協業できる方,一方的な営業のみの方,"サー,経営者,愛知",https://i.pravatar.cc/150?img=21,,https://instagram.com/,https://x.com/,,TRUE,FALSE,なし,オンライン,2026-07-08 12:00:00,2026-07-07 12:00:00,2026-07-09 00:00:00,2026-07-09 00:00:00
00232,user00232@example.com,google-sub-00232,金子芽依,女性,30代,美容・健康,代表取締役,大阪府,京都府,美容・健康で活動する代表取締役の金子芽依です。会員No.00232として交流を楽しみにしています。,美容・健康や関連分野で協業できる方,一方的な営業のみの方,"美容,代表取締役,大阪",https://i.pravatar.cc/150?img=22,https://line.me/,,https://x.com/,,TRUE,FALSE,なし,オフライン,2026-07-09 06:00:00,2026-06-15 06:00:00,2026-07-10 13:00:00,2026-07-10 13:00:00
00233,user00233@example.com,google-sub-00233,和田蓮,男性,40代,建設・不動産,CEO,京都府,福岡県,建設・不動産で活動するCEOの和田蓮です。会員No.00233として交流を楽しみにしています。,建設・不動産や関連分野で協業できる方,一方的な営業のみの方,"建設,CEO,京",https://i.pravatar.cc/150?img=23,https://line.me/,https://instagram.com/,https://x.com/,,TRUE,FALSE,なし,オフライン,2026-03-27 00:00:00,2026-03-21 00:00:00,2026-03-27 17:00:00,2026-03-27 17:00:00
00234,user00234@example.com,google-sub-00234,中山陽菜,女性,50代,飲食・サービス,サロンオーナー,兵庫県,静岡県,飲食・サービスで活動するサロンオーナーの中山陽菜です。会員No.00234として交流を楽しみにしています。,飲食・サービスや関連分野で協業できる方,一方的な営業のみの方,"飲食,サロンオーナー,兵庫",https://i.pravatar.cc/150?img=24,,https://instagram.com/,https://x.com/,https://youtube.com/,TRUE,FALSE,なし,オフライン,2026-06-15 16:00:00,2026-06-01 16:00:00,2026-06-17 12:00:00,2026-06-17 12:00:00
00235,user00235@example.com,google-sub-00235,石田陽翔,男性,60代,製造業,専務取締役,広島県,宮城県,製造業で活動する専務取締役の石田陽翔です。会員No.00235として交流を楽しみにしています。,製造業や関連分野で協業できる方,一方的な営業のみの方,"製造,専務取締役,広島",https://i.pravatar.cc/150?img=25,https://line.me/,https://instagram.com/,,,TRUE,FALSE,なし,オフライン,2026-06-17 01:00:00,2026-05-28 01:00:00,2026-06-18 15:00:00,2026-06-18 15:00:00
00236,user00236@example.com,google-sub-00236,上田美穂,女性,20代,IT・通信,工場長,福岡県,埼玉県,IT・通信で活動する工場長の上田美穂です。会員No.00236として交流を楽しみにしています。,IT・通信や関連分野で協業できる方,一方的な営業のみの方,"IT,工場長,福岡",https://i.pravatar.cc/150?img=26,https://line.me/,,https://x.com/,,TRUE,FALSE,なし,オフライン,2026-04-02 20:00:00,2026-03-24 20:00:00,2026-04-04 07:00:00,2026-04-04 07:00:00
00237,user00237@example.com,google-sub-00237,森田太郎,男性,30代,小売,部長,佐賀県,大阪府,小売で活動する部長の森田太郎です。会員No.00237として交流を楽しみにしています。,小売や関連分野で協業できる方,一方的な営業のみの方,"小売,部長,佐賀",https://i.pravatar.cc/150?img=27,,https://instagram.com/,https://x.com/,,TRUE,FALSE,なし,オフライン,2026-04-22 12:00:00,2026-04-20 12:00:00,2026-04-23 02:00:00,2026-04-23 02:00:00
00238,user00238@example.com,google-sub-00238,原彩,女性,40代,教育,個人事業主,沖縄県,広島県,教育で活動する個人事業主の原彩です。会員No.00238として交流を楽しみにしています。,教育や関連分野で協業できる方,一方的な営業のみの方,"教育,個人事業主,沖縄",https://i.pravatar.cc/150?img=28,https://line.me/,https://instagram.com/,https://x.com/,,TRUE,FALSE,なし,オンライン,2026-05-03 22:00:00,2026-04-13 22:00:00,2026-05-04 07:00:00,2026-05-04 07:00:00
00239,user00239@example.com,google-sub-00239,柴田陽翔,男性,50代,医療・福祉,フリーランス,静岡県,沖縄県,医療・福祉で活動するフリーランスの柴田陽翔です。会員No.00239として交流を楽しみにしています。,医療・福祉や関連分野で協業できる方,一方的な営業のみの方,"医療,フリーランス,静岡",https://i.pravatar.cc/150?img=29,https://line.me/,https://instagram.com/,https://x.com/,,TRUE,FALSE,なし,オフライン,2026-04-01 16:00:00,2026-03-16 16:00:00,2026-04-03 13:00:00,2026-04-03 13:00:00
00240,user00240@example.com,google-sub-00240,酒井奈々,女性,60代,その他,その他,新潟県,北海道,その他で活動するその他の酒井奈々です。会員No.00240として交流を楽しみにしています。,その他や関連分野で協業できる方,一方的な営業のみの方,"その,その他,新潟",https://i.pravatar.cc/150?img=30,,,,https://youtube.com/,FALSE,FALSE,なし,オフライン,2026-05-09 10:00:00,2026-04-24 10:00:00,2026-05-10 01:00:00,2026-04-24 10:00:00
